#0 building with "desktop-linux" instance using docker driver

#1 [internal] load build definition from Dockerfile
#1 transferring dockerfile:
#1 transferring dockerfile: 2.71kB 1.3s done
#1 DONE 1.4s

#2 resolve image config for docker-image://docker.io/docker/dockerfile:1
#2 DONE 51.9s

#3 docker-image://docker.io/docker/dockerfile:1@sha256:87999aa3d42bdc6bea60565083ee17e86d1f3339802f543c0d03998580f9cb89
#3 resolve docker.io/docker/dockerfile:1@sha256:87999aa3d42bdc6bea60565083ee17e86d1f3339802f543c0d03998580f9cb89 0.0s done
#3 sha256:e82bbc85c3cb06cf2a5a27b058208b43984448acbcd6a832cd1491933d4376dd 1.13kB / 1.13kB done
#3 sha256:1a998cca4d41cfecafb1989342c5e7378bc992589af7d47510c4b854bebfc7d7 1.33kB / 1.33kB done
#3 sha256:50ba52cd6a2c01eaf1a9efbedc7c75b5da5e3965c1586001c722980487a73fd7 0B / 14.36MB 0.1s
#3 sha256:87999aa3d42bdc6bea60565083ee17e86d1f3339802f543c0d03998580f9cb89 9.08kB / 9.08kB done
#3 sha256:50ba52cd6a2c01eaf1a9efbedc7c75b5da5e3965c1586001c722980487a73fd7 0B / 14.36MB 5.3s
#3 sha256:50ba52cd6a2c01eaf1a9efbedc7c75b5da5e3965c1586001c722980487a73fd7 0B / 14.36MB 10.4s
#3 sha256:50ba52cd6a2c01eaf1a9efbedc7c75b5da5e3965c1586001c722980487a73fd7 0B / 14.36MB 15.4s
#3 sha256:50ba52cd6a2c01eaf1a9efbedc7c75b5da5e3965c1586001c722980487a73fd7 0B / 14.36MB 20.4s
#3 sha256:50ba52cd6a2c01eaf1a9efbedc7c75b5da5e3965c1586001c722980487a73fd7 0B / 14.36MB 25.4s
#3 sha256:50ba52cd6a2c01eaf1a9efbedc7c75b5da5e3965c1586001c722980487a73fd7 0B / 14.36MB 30.5s
#3 sha256:50ba52cd6a2c01eaf1a9efbedc7c75b5da5e3965c1586001c722980487a73fd7 0B / 14.36MB 36.3s
#3 sha256:50ba52cd6a2c01eaf1a9efbedc7c75b5da5e3965c1586001c722980487a73fd7 0B / 14.36MB 48.3s
#3 sha256:50ba52cd6a2c01eaf1a9efbedc7c75b5da5e3965c1586001c722980487a73fd7 0B / 14.36MB 53.3s
#3 sha256:50ba52cd6a2c01eaf1a9efbedc7c75b5da5e3965c1586001c722980487a73fd7 0B / 14.36MB 59.7s
#3 sha256:50ba52cd6a2c01eaf1a9efbedc7c75b5da5e3965c1586001c722980487a73fd7 0B / 14.36MB 65.0s
#3 sha256:50ba52cd6a2c01eaf1a9efbedc7c75b5da5e3965c1586001c722980487a73fd7 0B / 14.36MB 70.3s
#3 sha256:50ba52cd6a2c01eaf1a9efbedc7c75b5da5e3965c1586001c722980487a73fd7 0B / 14.36MB 75.7s
#3 sha256:50ba52cd6a2c01eaf1a9efbedc7c75b5da5e3965c1586001c722980487a73fd7 0B / 14.36MB 81.1s
#3 sha256:50ba52cd6a2c01eaf1a9efbedc7c75b5da5e3965c1586001c722980487a73fd7 0B / 14.36MB 86.8s
#3 sha256:50ba52cd6a2c01eaf1a9efbedc7c75b5da5e3965c1586001c722980487a73fd7 0B / 14.36MB 91.9s
#3 sha256:50ba52cd6a2c01eaf1a9efbedc7c75b5da5e3965c1586001c722980487a73fd7 0B / 14.36MB 96.9s
#3 sha256:50ba52cd6a2c01eaf1a9efbedc7c75b5da5e3965c1586001c722980487a73fd7 0B / 14.36MB 102.2s
#3 sha256:50ba52cd6a2c01eaf1a9efbedc7c75b5da5e3965c1586001c722980487a73fd7 0B / 14.36MB 107.9s
#3 sha256:50ba52cd6a2c01eaf1a9efbedc7c75b5da5e3965c1586001c722980487a73fd7 0B / 14.36MB 113.8s
#3 sha256:50ba52cd6a2c01eaf1a9efbedc7c75b5da5e3965c1586001c722980487a73fd7 0B / 14.36MB 119.4s
#3 sha256:50ba52cd6a2c01eaf1a9efbedc7c75b5da5e3965c1586001c722980487a73fd7 0B / 14.36MB 125.3s
#3 sha256:50ba52cd6a2c01eaf1a9efbedc7c75b5da5e3965c1586001c722980487a73fd7 0B / 14.36MB 130.4s
#3 sha256:50ba52cd6a2c01eaf1a9efbedc7c75b5da5e3965c1586001c722980487a73fd7 0B / 14.36MB 135.6s
#3 sha256:50ba52cd6a2c01eaf1a9efbedc7c75b5da5e3965c1586001c722980487a73fd7 0B / 14.36MB 140.7s
#3 sha256:50ba52cd6a2c01eaf1a9efbedc7c75b5da5e3965c1586001c722980487a73fd7 0B / 14.36MB 145.9s
#3 sha256:50ba52cd6a2c01eaf1a9efbedc7c75b5da5e3965c1586001c722980487a73fd7 0B / 14.36MB 152.3s
#3 sha256:50ba52cd6a2c01eaf1a9efbedc7c75b5da5e3965c1586001c722980487a73fd7 0B / 14.36MB 157.6s
#3 sha256:50ba52cd6a2c01eaf1a9efbedc7c75b5da5e3965c1586001c722980487a73fd7 0B / 14.36MB 169.9s
#3 sha256:50ba52cd6a2c01eaf1a9efbedc7c75b5da5e3965c1586001c722980487a73fd7 0B / 14.36MB 176.2s
#3 sha256:50ba52cd6a2c01eaf1a9efbedc7c75b5da5e3965c1586001c722980487a73fd7 0B / 14.36MB 181.2s
#3 sha256:50ba52cd6a2c01eaf1a9efbedc7c75b5da5e3965c1586001c722980487a73fd7 0B / 14.36MB 187.4s
#3 sha256:50ba52cd6a2c01eaf1a9efbedc7c75b5da5e3965c1586001c722980487a73fd7 0B / 14.36MB 192.5s
#3 sha256:50ba52cd6a2c01eaf1a9efbedc7c75b5da5e3965c1586001c722980487a73fd7 0B / 14.36MB 197.6s
#3 sha256:50ba52cd6a2c01eaf1a9efbedc7c75b5da5e3965c1586001c722980487a73fd7 0B / 14.36MB 202.6s
#3 sha256:50ba52cd6a2c01eaf1a9efbedc7c75b5da5e3965c1586001c722980487a73fd7 0B / 14.36MB 207.7s
#3 sha256:50ba52cd6a2c01eaf1a9efbedc7c75b5da5e3965c1586001c722980487a73fd7 0B / 14.36MB 214.1s
#3 sha256:50ba52cd6a2c01eaf1a9efbedc7c75b5da5e3965c1586001c722980487a73fd7 0B / 14.36MB 219.2s
#3 sha256:50ba52cd6a2c01eaf1a9efbedc7c75b5da5e3965c1586001c722980487a73fd7 0B / 14.36MB 234.7s
#3 sha256:50ba52cd6a2c01eaf1a9efbedc7c75b5da5e3965c1586001c722980487a73fd7 0B / 14.36MB 240.2s
#3 sha256:50ba52cd6a2c01eaf1a9efbedc7c75b5da5e3965c1586001c722980487a73fd7 0B / 14.36MB 245.4s
#3 sha256:50ba52cd6a2c01eaf1a9efbedc7c75b5da5e3965c1586001c722980487a73fd7 0B / 14.36MB 250.5s
#3 sha256:50ba52cd6a2c01eaf1a9efbedc7c75b5da5e3965c1586001c722980487a73fd7 0B / 14.36MB 257.3s
#3 sha256:50ba52cd6a2c01eaf1a9efbedc7c75b5da5e3965c1586001c722980487a73fd7 0B / 14.36MB 264.3s
#3 sha256:50ba52cd6a2c01eaf1a9efbedc7c75b5da5e3965c1586001c722980487a73fd7 0B / 14.36MB 270.2s
#3 sha256:50ba52cd6a2c01eaf1a9efbedc7c75b5da5e3965c1586001c722980487a73fd7 0B / 14.36MB 275.2s
#3 sha256:50ba52cd6a2c01eaf1a9efbedc7c75b5da5e3965c1586001c722980487a73fd7 0B / 14.36MB 280.4s
#3 sha256:50ba52cd6a2c01eaf1a9efbedc7c75b5da5e3965c1586001c722980487a73fd7 0B / 14.36MB 285.6s
#3 sha256:50ba52cd6a2c01eaf1a9efbedc7c75b5da5e3965c1586001c722980487a73fd7 0B / 14.36MB 290.6s
#3 sha256:50ba52cd6a2c01eaf1a9efbedc7c75b5da5e3965c1586001c722980487a73fd7 0B / 14.36MB 295.9s
#3 sha256:50ba52cd6a2c01eaf1a9efbedc7c75b5da5e3965c1586001c722980487a73fd7 0B / 14.36MB 300.9s
#3 sha256:50ba52cd6a2c01eaf1a9efbedc7c75b5da5e3965c1586001c722980487a73fd7 0B / 14.36MB 306.9s
#3 sha256:50ba52cd6a2c01eaf1a9efbedc7c75b5da5e3965c1586001c722980487a73fd7 0B / 14.36MB 312.3s
#3 sha256:50ba52cd6a2c01eaf1a9efbedc7c75b5da5e3965c1586001c722980487a73fd7 0B / 14.36MB 317.7s
#3 sha256:50ba52cd6a2c01eaf1a9efbedc7c75b5da5e3965c1586001c722980487a73fd7 0B / 14.36MB 323.1s
#3 sha256:50ba52cd6a2c01eaf1a9efbedc7c75b5da5e3965c1586001c722980487a73fd7 1.05MB / 14.36MB 326.2s
#3 sha256:50ba52cd6a2c01eaf1a9efbedc7c75b5da5e3965c1586001c722980487a73fd7 1.05MB / 14.36MB 331.3s
#3 sha256:50ba52cd6a2c01eaf1a9efbedc7c75b5da5e3965c1586001c722980487a73fd7 1.05MB / 14.36MB 336.5s
#3 sha256:50ba52cd6a2c01eaf1a9efbedc7c75b5da5e3965c1586001c722980487a73fd7 1.05MB / 14.36MB 342.8s
#3 sha256:50ba52cd6a2c01eaf1a9efbedc7c75b5da5e3965c1586001c722980487a73fd7 1.05MB / 14.36MB 353.3s
#3 sha256:50ba52cd6a2c01eaf1a9efbedc7c75b5da5e3965c1586001c722980487a73fd7 1.05MB / 14.36MB 359.2s
#3 sha256:50ba52cd6a2c01eaf1a9efbedc7c75b5da5e3965c1586001c722980487a73fd7 1.05MB / 14.36MB 364.2s
#3 sha256:50ba52cd6a2c01eaf1a9efbedc7c75b5da5e3965c1586001c722980487a73fd7 1.05MB / 14.36MB 370.5s
#3 sha256:50ba52cd6a2c01eaf1a9efbedc7c75b5da5e3965c1586001c722980487a73fd7 2.10MB / 14.36MB 373.2s
#3 sha256:50ba52cd6a2c01eaf1a9efbedc7c75b5da5e3965c1586001c722980487a73fd7 2.10MB / 14.36MB 378.3s
#3 sha256:50ba52cd6a2c01eaf1a9efbedc7c75b5da5e3965c1586001c722980487a73fd7 2.10MB / 14.36MB 383.9s
#3 sha256:50ba52cd6a2c01eaf1a9efbedc7c75b5da5e3965c1586001c722980487a73fd7 2.10MB / 14.36MB 389.0s
#3 sha256:50ba52cd6a2c01eaf1a9efbedc7c75b5da5e3965c1586001c722980487a73fd7 2.10MB / 14.36MB 394.1s
#3 sha256:50ba52cd6a2c01eaf1a9efbedc7c75b5da5e3965c1586001c722980487a73fd7 2.10MB / 14.36MB 399.5s
#3 sha256:50ba52cd6a2c01eaf1a9efbedc7c75b5da5e3965c1586001c722980487a73fd7 2.10MB / 14.36MB 404.5s
#3 sha256:50ba52cd6a2c01eaf1a9efbedc7c75b5da5e3965c1586001c722980487a73fd7 3.15MB / 14.36MB 407.5s
#3 sha256:50ba52cd6a2c01eaf1a9efbedc7c75b5da5e3965c1586001c722980487a73fd7 3.15MB / 14.36MB 412.9s
#3 sha256:50ba52cd6a2c01eaf1a9efbedc7c75b5da5e3965c1586001c722980487a73fd7 3.15MB / 14.36MB 417.9s
#3 sha256:50ba52cd6a2c01eaf1a9efbedc7c75b5da5e3965c1586001c722980487a73fd7 3.15MB / 14.36MB 423.2s
#3 sha256:50ba52cd6a2c01eaf1a9efbedc7c75b5da5e3965c1586001c722980487a73fd7 3.15MB / 14.36MB 428.5s
#3 sha256:50ba52cd6a2c01eaf1a9efbedc7c75b5da5e3965c1586001c722980487a73fd7 3.15MB / 14.36MB 433.5s
#3 sha256:50ba52cd6a2c01eaf1a9efbedc7c75b5da5e3965c1586001c722980487a73fd7 4.19MB / 14.36MB 435.9s
#3 sha256:50ba52cd6a2c01eaf1a9efbedc7c75b5da5e3965c1586001c722980487a73fd7 4.19MB / 14.36MB 441.1s
#3 sha256:50ba52cd6a2c01eaf1a9efbedc7c75b5da5e3965c1586001c722980487a73fd7 4.19MB / 14.36MB 446.6s
#3 sha256:50ba52cd6a2c01eaf1a9efbedc7c75b5da5e3965c1586001c722980487a73fd7 4.19MB / 14.36MB 451.7s
#3 sha256:50ba52cd6a2c01eaf1a9efbedc7c75b5da5e3965c1586001c722980487a73fd7 4.19MB / 14.36MB 457.0s
#3 sha256:50ba52cd6a2c01eaf1a9efbedc7c75b5da5e3965c1586001c722980487a73fd7 4.19MB / 14.36MB 462.1s
#3 sha256:50ba52cd6a2c01eaf1a9efbedc7c75b5da5e3965c1586001c722980487a73fd7 4.19MB / 14.36MB 467.1s
#3 sha256:50ba52cd6a2c01eaf1a9efbedc7c75b5da5e3965c1586001c722980487a73fd7 5.24MB / 14.36MB 470.0s
#3 sha256:50ba52cd6a2c01eaf1a9efbedc7c75b5da5e3965c1586001c722980487a73fd7 5.24MB / 14.36MB 475.0s
#3 sha256:50ba52cd6a2c01eaf1a9efbedc7c75b5da5e3965c1586001c722980487a73fd7 5.24MB / 14.36MB 480.3s
#3 sha256:50ba52cd6a2c01eaf1a9efbedc7c75b5da5e3965c1586001c722980487a73fd7 5.24MB / 14.36MB 485.3s
#3 sha256:50ba52cd6a2c01eaf1a9efbedc7c75b5da5e3965c1586001c722980487a73fd7 5.24MB / 14.36MB 490.9s
#3 sha256:50ba52cd6a2c01eaf1a9efbedc7c75b5da5e3965c1586001c722980487a73fd7 5.24MB / 14.36MB 495.9s
#3 sha256:50ba52cd6a2c01eaf1a9efbedc7c75b5da5e3965c1586001c722980487a73fd7 5.24MB / 14.36MB 500.9s
#3 sha256:50ba52cd6a2c01eaf1a9efbedc7c75b5da5e3965c1586001c722980487a73fd7 6.29MB / 14.36MB 502.6s
#3 sha256:50ba52cd6a2c01eaf1a9efbedc7c75b5da5e3965c1586001c722980487a73fd7 6.29MB / 14.36MB 507.6s
#3 sha256:50ba52cd6a2c01eaf1a9efbedc7c75b5da5e3965c1586001c722980487a73fd7 6.29MB / 14.36MB 512.7s
#3 sha256:50ba52cd6a2c01eaf1a9efbedc7c75b5da5e3965c1586001c722980487a73fd7 6.29MB / 14.36MB 517.7s
#3 sha256:50ba52cd6a2c01eaf1a9efbedc7c75b5da5e3965c1586001c722980487a73fd7 6.29MB / 14.36MB 522.8s
#3 sha256:50ba52cd6a2c01eaf1a9efbedc7c75b5da5e3965c1586001c722980487a73fd7 7.34MB / 14.36MB 527.3s
#3 sha256:50ba52cd6a2c01eaf1a9efbedc7c75b5da5e3965c1586001c722980487a73fd7 7.34MB / 14.36MB 532.3s
#3 sha256:50ba52cd6a2c01eaf1a9efbedc7c75b5da5e3965c1586001c722980487a73fd7 7.34MB / 14.36MB 537.4s
#3 sha256:50ba52cd6a2c01eaf1a9efbedc7c75b5da5e3965c1586001c722980487a73fd7 7.34MB / 14.36MB 542.4s
#3 sha256:50ba52cd6a2c01eaf1a9efbedc7c75b5da5e3965c1586001c722980487a73fd7 8.39MB / 14.36MB 547.7s
#3 sha256:50ba52cd6a2c01eaf1a9efbedc7c75b5da5e3965c1586001c722980487a73fd7 8.39MB / 14.36MB 552.7s
#3 sha256:50ba52cd6a2c01eaf1a9efbedc7c75b5da5e3965c1586001c722980487a73fd7 8.39MB / 14.36MB 558.3s
#3 sha256:50ba52cd6a2c01eaf1a9efbedc7c75b5da5e3965c1586001c722980487a73fd7 8.39MB / 14.36MB 563.5s
#3 sha256:50ba52cd6a2c01eaf1a9efbedc7c75b5da5e3965c1586001c722980487a73fd7 8.39MB / 14.36MB 568.6s
#3 sha256:50ba52cd6a2c01eaf1a9efbedc7c75b5da5e3965c1586001c722980487a73fd7 9.44MB / 14.36MB 570.1s
#3 sha256:50ba52cd6a2c01eaf1a9efbedc7c75b5da5e3965c1586001c722980487a73fd7 9.44MB / 14.36MB 575.2s
#3 sha256:50ba52cd6a2c01eaf1a9efbedc7c75b5da5e3965c1586001c722980487a73fd7 9.44MB / 14.36MB 580.2s
#3 sha256:50ba52cd6a2c01eaf1a9efbedc7c75b5da5e3965c1586001c722980487a73fd7 9.44MB / 14.36MB 586.1s
#3 sha256:50ba52cd6a2c01eaf1a9efbedc7c75b5da5e3965c1586001c722980487a73fd7 9.44MB / 14.36MB 591.2s
#3 sha256:50ba52cd6a2c01eaf1a9efbedc7c75b5da5e3965c1586001c722980487a73fd7 9.44MB / 14.36MB 596.4s
#3 sha256:50ba52cd6a2c01eaf1a9efbedc7c75b5da5e3965c1586001c722980487a73fd7 9.44MB / 14.36MB 601.4s
#3 sha256:50ba52cd6a2c01eaf1a9efbedc7c75b5da5e3965c1586001c722980487a73fd7 9.44MB / 14.36MB 606.6s
#3 sha256:50ba52cd6a2c01eaf1a9efbedc7c75b5da5e3965c1586001c722980487a73fd7 9.44MB / 14.36MB 611.7s
#3 sha256:50ba52cd6a2c01eaf1a9efbedc7c75b5da5e3965c1586001c722980487a73fd7 9.44MB / 14.36MB 617.0s
#3 sha256:50ba52cd6a2c01eaf1a9efbedc7c75b5da5e3965c1586001c722980487a73fd7 9.44MB / 14.36MB 622.2s
#3 sha256:50ba52cd6a2c01eaf1a9efbedc7c75b5da5e3965c1586001c722980487a73fd7 9.44MB / 14.36MB 627.2s
#3 sha256:50ba52cd6a2c01eaf1a9efbedc7c75b5da5e3965c1586001c722980487a73fd7 9.44MB / 14.36MB 632.2s
#3 sha256:50ba52cd6a2c01eaf1a9efbedc7c75b5da5e3965c1586001c722980487a73fd7 9.44MB / 14.36MB 637.4s
#3 sha256:50ba52cd6a2c01eaf1a9efbedc7c75b5da5e3965c1586001c722980487a73fd7 9.44MB / 14.36MB 642.6s
#3 sha256:50ba52cd6a2c01eaf1a9efbedc7c75b5da5e3965c1586001c722980487a73fd7 9.44MB / 14.36MB 647.8s
#3 sha256:50ba52cd6a2c01eaf1a9efbedc7c75b5da5e3965c1586001c722980487a73fd7 9.44MB / 14.36MB 652.8s
#3 sha256:50ba52cd6a2c01eaf1a9efbedc7c75b5da5e3965c1586001c722980487a73fd7 9.44MB / 14.36MB 657.9s
#3 sha256:50ba52cd6a2c01eaf1a9efbedc7c75b5da5e3965c1586001c722980487a73fd7 9.44MB / 14.36MB 663.0s
#3 sha256:50ba52cd6a2c01eaf1a9efbedc7c75b5da5e3965c1586001c722980487a73fd7 9.44MB / 14.36MB 668.6s
#3 sha256:50ba52cd6a2c01eaf1a9efbedc7c75b5da5e3965c1586001c722980487a73fd7 9.44MB / 14.36MB 673.8s
#3 sha256:50ba52cd6a2c01eaf1a9efbedc7c75b5da5e3965c1586001c722980487a73fd7 9.44MB / 14.36MB 679.0s
#3 sha256:50ba52cd6a2c01eaf1a9efbedc7c75b5da5e3965c1586001c722980487a73fd7 9.44MB / 14.36MB 685.3s
#3 sha256:50ba52cd6a2c01eaf1a9efbedc7c75b5da5e3965c1586001c722980487a73fd7 9.44MB / 14.36MB 690.4s
#3 sha256:50ba52cd6a2c01eaf1a9efbedc7c75b5da5e3965c1586001c722980487a73fd7 9.44MB / 14.36MB 695.5s
#3 sha256:50ba52cd6a2c01eaf1a9efbedc7c75b5da5e3965c1586001c722980487a73fd7 9.44MB / 14.36MB 700.6s
#3 sha256:50ba52cd6a2c01eaf1a9efbedc7c75b5da5e3965c1586001c722980487a73fd7 9.44MB / 14.36MB 705.7s
#3 sha256:50ba52cd6a2c01eaf1a9efbedc7c75b5da5e3965c1586001c722980487a73fd7 9.44MB / 14.36MB 710.8s
#3 sha256:50ba52cd6a2c01eaf1a9efbedc7c75b5da5e3965c1586001c722980487a73fd7 9.44MB / 14.36MB 715.9s
#3 sha256:50ba52cd6a2c01eaf1a9efbedc7c75b5da5e3965c1586001c722980487a73fd7 9.44MB / 14.36MB 720.9s
#3 sha256:50ba52cd6a2c01eaf1a9efbedc7c75b5da5e3965c1586001c722980487a73fd7 9.44MB / 14.36MB 726.6s
#3 sha256:50ba52cd6a2c01eaf1a9efbedc7c75b5da5e3965c1586001c722980487a73fd7 9.44MB / 14.36MB 731.6s
#3 sha256:50ba52cd6a2c01eaf1a9efbedc7c75b5da5e3965c1586001c722980487a73fd7 9.44MB / 14.36MB 736.6s
#3 sha256:50ba52cd6a2c01eaf1a9efbedc7c75b5da5e3965c1586001c722980487a73fd7 9.44MB / 14.36MB 741.6s
#3 sha256:50ba52cd6a2c01eaf1a9efbedc7c75b5da5e3965c1586001c722980487a73fd7 10.49MB / 14.36MB 745.6s
#3 sha256:50ba52cd6a2c01eaf1a9efbedc7c75b5da5e3965c1586001c722980487a73fd7 10.49MB / 14.36MB 750.7s
#3 sha256:50ba52cd6a2c01eaf1a9efbedc7c75b5da5e3965c1586001c722980487a73fd7 10.49MB / 14.36MB 755.7s
#3 sha256:50ba52cd6a2c01eaf1a9efbedc7c75b5da5e3965c1586001c722980487a73fd7 10.49MB / 14.36MB 760.8s
#3 sha256:50ba52cd6a2c01eaf1a9efbedc7c75b5da5e3965c1586001c722980487a73fd7 10.49MB / 14.36MB 765.8s
#3 sha256:50ba52cd6a2c01eaf1a9efbedc7c75b5da5e3965c1586001c722980487a73fd7 10.49MB / 14.36MB 770.9s
#3 sha256:50ba52cd6a2c01eaf1a9efbedc7c75b5da5e3965c1586001c722980487a73fd7 10.49MB / 14.36MB 775.9s
#3 sha256:50ba52cd6a2c01eaf1a9efbedc7c75b5da5e3965c1586001c722980487a73fd7 11.53MB / 14.36MB 780.4s
#3 sha256:50ba52cd6a2c01eaf1a9efbedc7c75b5da5e3965c1586001c722980487a73fd7 11.53MB / 14.36MB 785.8s
#3 sha256:50ba52cd6a2c01eaf1a9efbedc7c75b5da5e3965c1586001c722980487a73fd7 11.53MB / 14.36MB 792.8s
#3 sha256:50ba52cd6a2c01eaf1a9efbedc7c75b5da5e3965c1586001c722980487a73fd7 11.53MB / 14.36MB 797.9s
#3 sha256:50ba52cd6a2c01eaf1a9efbedc7c75b5da5e3965c1586001c722980487a73fd7 11.53MB / 14.36MB 803.8s
#3 sha256:50ba52cd6a2c01eaf1a9efbedc7c75b5da5e3965c1586001c722980487a73fd7 11.53MB / 14.36MB 809.0s
#3 sha256:50ba52cd6a2c01eaf1a9efbedc7c75b5da5e3965c1586001c722980487a73fd7 11.53MB / 14.36MB 814.3s
#3 sha256:50ba52cd6a2c01eaf1a9efbedc7c75b5da5e3965c1586001c722980487a73fd7 12.58MB / 14.36MB 818.5s
#3 sha256:50ba52cd6a2c01eaf1a9efbedc7c75b5da5e3965c1586001c722980487a73fd7 12.58MB / 14.36MB 823.7s
#3 sha256:50ba52cd6a2c01eaf1a9efbedc7c75b5da5e3965c1586001c722980487a73fd7 12.58MB / 14.36MB 828.8s
#3 sha256:50ba52cd6a2c01eaf1a9efbedc7c75b5da5e3965c1586001c722980487a73fd7 12.58MB / 14.36MB 833.8s
#3 sha256:50ba52cd6a2c01eaf1a9efbedc7c75b5da5e3965c1586001c722980487a73fd7 12.58MB / 14.36MB 838.9s
#3 sha256:50ba52cd6a2c01eaf1a9efbedc7c75b5da5e3965c1586001c722980487a73fd7 12.58MB / 14.36MB 843.9s
#3 sha256:50ba52cd6a2c01eaf1a9efbedc7c75b5da5e3965c1586001c722980487a73fd7 12.58MB / 14.36MB 849.5s
#3 sha256:50ba52cd6a2c01eaf1a9efbedc7c75b5da5e3965c1586001c722980487a73fd7 12.58MB / 14.36MB 854.7s
#3 sha256:50ba52cd6a2c01eaf1a9efbedc7c75b5da5e3965c1586001c722980487a73fd7 12.58MB / 14.36MB 859.8s
#3 sha256:50ba52cd6a2c01eaf1a9efbedc7c75b5da5e3965c1586001c722980487a73fd7 12.58MB / 14.36MB 864.9s
#3 sha256:50ba52cd6a2c01eaf1a9efbedc7c75b5da5e3965c1586001c722980487a73fd7 12.58MB / 14.36MB 869.9s
#3 sha256:50ba52cd6a2c01eaf1a9efbedc7c75b5da5e3965c1586001c722980487a73fd7 12.58MB / 14.36MB 875.0s
#3 sha256:50ba52cd6a2c01eaf1a9efbedc7c75b5da5e3965c1586001c722980487a73fd7 12.58MB / 14.36MB 880.2s
#3 sha256:50ba52cd6a2c01eaf1a9efbedc7c75b5da5e3965c1586001c722980487a73fd7 12.58MB / 14.36MB 885.3s
#3 sha256:50ba52cd6a2c01eaf1a9efbedc7c75b5da5e3965c1586001c722980487a73fd7 12.58MB / 14.36MB 890.5s
#3 sha256:50ba52cd6a2c01eaf1a9efbedc7c75b5da5e3965c1586001c722980487a73fd7 12.58MB / 14.36MB 895.7s
#3 sha256:50ba52cd6a2c01eaf1a9efbedc7c75b5da5e3965c1586001c722980487a73fd7 12.58MB / 14.36MB 900.7s
#3 sha256:50ba52cd6a2c01eaf1a9efbedc7c75b5da5e3965c1586001c722980487a73fd7 12.58MB / 14.36MB 905.8s
#3 sha256:50ba52cd6a2c01eaf1a9efbedc7c75b5da5e3965c1586001c722980487a73fd7 12.58MB / 14.36MB 911.0s
#3 sha256:50ba52cd6a2c01eaf1a9efbedc7c75b5da5e3965c1586001c722980487a73fd7 12.58MB / 14.36MB 916.0s
#3 sha256:50ba52cd6a2c01eaf1a9efbedc7c75b5da5e3965c1586001c722980487a73fd7 12.58MB / 14.36MB 921.0s
#3 sha256:50ba52cd6a2c01eaf1a9efbedc7c75b5da5e3965c1586001c722980487a73fd7 12.58MB / 14.36MB 926.0s
#3 sha256:50ba52cd6a2c01eaf1a9efbedc7c75b5da5e3965c1586001c722980487a73fd7 12.58MB / 14.36MB 931.1s
#3 sha256:50ba52cd6a2c01eaf1a9efbedc7c75b5da5e3965c1586001c722980487a73fd7 12.58MB / 14.36MB 936.2s
#3 sha256:50ba52cd6a2c01eaf1a9efbedc7c75b5da5e3965c1586001c722980487a73fd7 12.58MB / 14.36MB 941.4s
#3 sha256:50ba52cd6a2c01eaf1a9efbedc7c75b5da5e3965c1586001c722980487a73fd7 12.58MB / 14.36MB 946.4s
#3 sha256:50ba52cd6a2c01eaf1a9efbedc7c75b5da5e3965c1586001c722980487a73fd7 12.58MB / 14.36MB 951.4s
#3 sha256:50ba52cd6a2c01eaf1a9efbedc7c75b5da5e3965c1586001c722980487a73fd7 12.58MB / 14.36MB 956.7s
#3 sha256:50ba52cd6a2c01eaf1a9efbedc7c75b5da5e3965c1586001c722980487a73fd7 12.58MB / 14.36MB 961.8s
#3 sha256:50ba52cd6a2c01eaf1a9efbedc7c75b5da5e3965c1586001c722980487a73fd7 12.58MB / 14.36MB 967.0s
#3 sha256:50ba52cd6a2c01eaf1a9efbedc7c75b5da5e3965c1586001c722980487a73fd7 13.63MB / 14.36MB 969.4s
#3 sha256:50ba52cd6a2c01eaf1a9efbedc7c75b5da5e3965c1586001c722980487a73fd7 13.63MB / 14.36MB 974.5s
#3 sha256:50ba52cd6a2c01eaf1a9efbedc7c75b5da5e3965c1586001c722980487a73fd7 13.63MB / 14.36MB 979.9s
#3 sha256:50ba52cd6a2c01eaf1a9efbedc7c75b5da5e3965c1586001c722980487a73fd7 13.63MB / 14.36MB 984.9s
#3 sha256:50ba52cd6a2c01eaf1a9efbedc7c75b5da5e3965c1586001c722980487a73fd7 13.63MB / 14.36MB 989.9s
#3 sha256:50ba52cd6a2c01eaf1a9efbedc7c75b5da5e3965c1586001c722980487a73fd7 14.36MB / 14.36MB 994.5s
#3 sha256:50ba52cd6a2c01eaf1a9efbedc7c75b5da5e3965c1586001c722980487a73fd7 14.36MB / 14.36MB 994.5s done
#3 extracting sha256:50ba52cd6a2c01eaf1a9efbedc7c75b5da5e3965c1586001c722980487a73fd7 0.4s
#3 extracting sha256:50ba52cd6a2c01eaf1a9efbedc7c75b5da5e3965c1586001c722980487a73fd7 1.1s done
#3 DONE 995.9s

#4 [internal] load metadata for docker.io/hiett/serverless-redis-http:latest
#4 ...

#5 [internal] load metadata for docker.io/library/golang:1.23-alpine
#5 ...

#6 [internal] load metadata for docker.io/library/node:20-alpine
#6 DONE 12.3s

#4 [internal] load metadata for docker.io/hiett/serverless-redis-http:latest
#4 DONE 40.7s

#5 [internal] load metadata for docker.io/library/golang:1.23-alpine
#5 DONE 41.4s

#7 [internal] load .dockerignore
#7 transferring context:
#7 transferring context: 488B 0.5s done
#7 DONE 0.8s

#8 [builder  1/11] FROM docker.io/library/node:20-alpine@sha256:fb4cd12c85ee03686f6af5362a0b0d56d50c58a04632e6c0fb8363f609372293
#8 DONE 0.0s

#9 [internal] load build context
#9 DONE 0.0s

#10 [pssim 1/2] FROM docker.io/library/golang:1.23-alpine@sha256:383395b794dffa5b53012a212365d40c8e37109a626ca30d6151c8348d380b5f
#10 DONE 0.0s

#8 [builder  1/11] FROM docker.io/library/node:20-alpine@sha256:fb4cd12c85ee03686f6af5362a0b0d56d50c58a04632e6c0fb8363f609372293
#8 CACHED

#11 [stage-3  2/11] RUN apk add --no-cache mariadb mariadb-client redis       libstdc++ libgcc ncurses-libs openssl
#11 ...

#10 [pssim 1/2] FROM docker.io/library/golang:1.23-alpine@sha256:383395b794dffa5b53012a212365d40c8e37109a626ca30d6151c8348d380b5f
#10 resolve docker.io/library/golang:1.23-alpine@sha256:383395b794dffa5b53012a212365d40c8e37109a626ca30d6151c8348d380b5f 0.6s done
#10 sha256:383395b794dffa5b53012a212365d40c8e37109a626ca30d6151c8348d380b5f 10.30kB / 10.30kB done
#10 sha256:a7ecaac5efda22510d8c903bdc6b19026543f1eac3317d47363680df22161bd8 1.92kB / 1.92kB done
#10 sha256:72fd06a5dd05d7cb31d0fa2a125e89eecc16fbff26acf95bbd2762cdcfb5af38 2.08kB / 2.08kB done
#10 sha256:8371a51cbc44c1323f96695eaeaeeb1c44b2d30d138a279b348af5c18b2c5e24 0B / 282.45kB 5.3s
#10 sha256:d5791340ef181f05ef1e99760e4be81cb2008d99b2bc1e56b2faa9b6295d0ac3 0B / 74.07MB 5.3s
#10 sha256:9824c27679d3b27c5e1cb00a73adb6f4f8d556994111c12db3c5d61a0c843df8 0B / 3.80MB 5.3s
#10 sha256:8371a51cbc44c1323f96695eaeaeeb1c44b2d30d138a279b348af5c18b2c5e24 0B / 282.45kB 10.4s
#10 sha256:d5791340ef181f05ef1e99760e4be81cb2008d99b2bc1e56b2faa9b6295d0ac3 0B / 74.07MB 10.4s
#10 sha256:9824c27679d3b27c5e1cb00a73adb6f4f8d556994111c12db3c5d61a0c843df8 0B / 3.80MB 10.4s
#10 ...

#12 [srh 1/1] FROM docker.io/hiett/serverless-redis-http:latest@sha256:5b0bb9239fce53abf87b2018a7a0deb9ec7bd900c5360738fe5fbeeb426f9150
#12 resolve docker.io/hiett/serverless-redis-http:latest@sha256:5b0bb9239fce53abf87b2018a7a0deb9ec7bd900c5360738fe5fbeeb426f9150 0.6s done
#12 sha256:01d66211581ebd552e07292e3b73f1f475e52c48aa725049809aa09a7ba23238 1.25kB / 1.25kB done
#12 sha256:342be0a314bf3cc5a724a2c44a06294f2422a1cba65c96e5e1b7a30b685031f2 6.27kB / 6.27kB done
#12 sha256:5b0bb9239fce53abf87b2018a7a0deb9ec7bd900c5360738fe5fbeeb426f9150 1.61kB / 1.61kB done
#12 ...

#13 [builder  2/11] RUN apk add --no-cache libc6-compat openssl git python3 make g++
#13 ...

#9 [internal] load build context
#9 transferring context: 162.02kB 11.8s
#9 ...

#10 [pssim 1/2] FROM docker.io/library/golang:1.23-alpine@sha256:383395b794dffa5b53012a212365d40c8e37109a626ca30d6151c8348d380b5f
#10 sha256:8371a51cbc44c1323f96695eaeaeeb1c44b2d30d138a279b348af5c18b2c5e24 282.45kB / 282.45kB 14.8s done
#10 sha256:d3178a7b27090e22bc2464346d1cdc8f59d0fd7a241452e8148342edf3d0b1e9 0B / 126B 14.8s
#10 sha256:d5791340ef181f05ef1e99760e4be81cb2008d99b2bc1e56b2faa9b6295d0ac3 0B / 74.07MB 15.4s
#10 sha256:9824c27679d3b27c5e1cb00a73adb6f4f8d556994111c12db3c5d61a0c843df8 0B / 3.80MB 15.4s
#10 sha256:d3178a7b27090e22bc2464346d1cdc8f59d0fd7a241452e8148342edf3d0b1e9 126B / 126B 19.7s done
#10 sha256:4f4fb700ef54461cfa02571ae0db9a0dc1e0cdb5577484a6d75e68dc38e8acc1 0B / 32B 19.7s
#10 sha256:d5791340ef181f05ef1e99760e4be81cb2008d99b2bc1e56b2faa9b6295d0ac3 0B / 74.07MB 20.6s
#10 sha256:9824c27679d3b27c5e1cb00a73adb6f4f8d556994111c12db3c5d61a0c843df8 0B / 3.80MB 20.6s
#10 ...

#9 [internal] load build context
#9 transferring context: 502.80kB 21.5s
#9 ...

#10 [pssim 1/2] FROM docker.io/library/golang:1.23-alpine@sha256:383395b794dffa5b53012a212365d40c8e37109a626ca30d6151c8348d380b5f
#10 sha256:4f4fb700ef54461cfa02571ae0db9a0dc1e0cdb5577484a6d75e68dc38e8acc1 32B / 32B 21.5s
#10 sha256:4f4fb700ef54461cfa02571ae0db9a0dc1e0cdb5577484a6d75e68dc38e8acc1 32B / 32B 21.6s done
#10 ...

#12 [srh 1/1] FROM docker.io/hiett/serverless-redis-http:latest@sha256:5b0bb9239fce53abf87b2018a7a0deb9ec7bd900c5360738fe5fbeeb426f9150
#12 sha256:3c854c8cbf469fda815b8f6183300c07cfa2fbb5703859ca79aff93ae934961b 0B / 3.38MB 25.1s
#12 sha256:3c854c8cbf469fda815b8f6183300c07cfa2fbb5703859ca79aff93ae934961b 0B / 3.38MB 30.2s
#12 sha256:3c854c8cbf469fda815b8f6183300c07cfa2fbb5703859ca79aff93ae934961b 0B / 3.38MB 35.3s
#12 ...

#10 [pssim 1/2] FROM docker.io/library/golang:1.23-alpine@sha256:383395b794dffa5b53012a212365d40c8e37109a626ca30d6151c8348d380b5f
#10 sha256:d5791340ef181f05ef1e99760e4be81cb2008d99b2bc1e56b2faa9b6295d0ac3 0B / 74.07MB 35.8s
#10 sha256:9824c27679d3b27c5e1cb00a73adb6f4f8d556994111c12db3c5d61a0c843df8 1.05MB / 3.80MB 35.8s
#10 ...

#9 [internal] load build context
#9 transferring context: 2.01MB 38.2s
#9 ...

#12 [srh 1/1] FROM docker.io/hiett/serverless-redis-http:latest@sha256:5b0bb9239fce53abf87b2018a7a0deb9ec7bd900c5360738fe5fbeeb426f9150
#12 sha256:3c854c8cbf469fda815b8f6183300c07cfa2fbb5703859ca79aff93ae934961b 0B / 3.38MB 42.1s
#12 ...

#10 [pssim 1/2] FROM docker.io/library/golang:1.23-alpine@sha256:383395b794dffa5b53012a212365d40c8e37109a626ca30d6151c8348d380b5f
#10 sha256:d5791340ef181f05ef1e99760e4be81cb2008d99b2bc1e56b2faa9b6295d0ac3 0B / 74.07MB 42.3s
#10 sha256:9824c27679d3b27c5e1cb00a73adb6f4f8d556994111c12db3c5d61a0c843df8 1.05MB / 3.80MB 42.3s
#10 sha256:d5791340ef181f05ef1e99760e4be81cb2008d99b2bc1e56b2faa9b6295d0ac3 1.05MB / 74.07MB 47.5s
#10 sha256:9824c27679d3b27c5e1cb00a73adb6f4f8d556994111c12db3c5d61a0c843df8 1.05MB / 3.80MB 47.5s
#10 sha256:d5791340ef181f05ef1e99760e4be81cb2008d99b2bc1e56b2faa9b6295d0ac3 1.05MB / 74.07MB 52.6s
#10 sha256:9824c27679d3b27c5e1cb00a73adb6f4f8d556994111c12db3c5d61a0c843df8 1.05MB / 3.80MB 52.6s
#10 ...

#9 [internal] load build context
#9 transferring context: 2.33MB 53.7s
#9 ...

#12 [srh 1/1] FROM docker.io/hiett/serverless-redis-http:latest@sha256:5b0bb9239fce53abf87b2018a7a0deb9ec7bd900c5360738fe5fbeeb426f9150
#12 sha256:3c854c8cbf469fda815b8f6183300c07cfa2fbb5703859ca79aff93ae934961b 0B / 3.38MB 53.2s
#12 ...

#10 [pssim 1/2] FROM docker.io/library/golang:1.23-alpine@sha256:383395b794dffa5b53012a212365d40c8e37109a626ca30d6151c8348d380b5f
#10 ...

#13 [builder  2/11] RUN apk add --no-cache libc6-compat openssl git python3 make g++
#13 46.26 WARNING: fetching https://dl-cdn.alpinelinux.org/alpine/v3.23/community/x86_64/APKINDEX.tar.gz: I/O error
#13 46.34 ( 1/45) Upgrading libcrypto3 (3.5.6-r0 -> 3.5.7-r0)
#13 ...

#12 [srh 1/1] FROM docker.io/hiett/serverless-redis-http:latest@sha256:5b0bb9239fce53abf87b2018a7a0deb9ec7bd900c5360738fe5fbeeb426f9150
#12 sha256:3c854c8cbf469fda815b8f6183300c07cfa2fbb5703859ca79aff93ae934961b 0B / 3.38MB 58.4s
#12 ...

#10 [pssim 1/2] FROM docker.io/library/golang:1.23-alpine@sha256:383395b794dffa5b53012a212365d40c8e37109a626ca30d6151c8348d380b5f
#10 sha256:d5791340ef181f05ef1e99760e4be81cb2008d99b2bc1e56b2faa9b6295d0ac3 1.05MB / 74.07MB 60.9s
#10 sha256:9824c27679d3b27c5e1cb00a73adb6f4f8d556994111c12db3c5d61a0c843df8 1.05MB / 3.80MB 60.9s
#10 sha256:d5791340ef181f05ef1e99760e4be81cb2008d99b2bc1e56b2faa9b6295d0ac3 1.05MB / 74.07MB 65.9s
#10 sha256:9824c27679d3b27c5e1cb00a73adb6f4f8d556994111c12db3c5d61a0c843df8 1.05MB / 3.80MB 65.9s
#10 ...

#9 [internal] load build context
#9 transferring context: 2.63MB 66.5s
#9 ...

#12 [srh 1/1] FROM docker.io/hiett/serverless-redis-http:latest@sha256:5b0bb9239fce53abf87b2018a7a0deb9ec7bd900c5360738fe5fbeeb426f9150
#12 sha256:3c854c8cbf469fda815b8f6183300c07cfa2fbb5703859ca79aff93ae934961b 0B / 3.38MB 66.1s
#12 ...

#9 [internal] load build context
#9 transferring context: 2.70MB 71.6s
#9 ...

#10 [pssim 1/2] FROM docker.io/library/golang:1.23-alpine@sha256:383395b794dffa5b53012a212365d40c8e37109a626ca30d6151c8348d380b5f
#10 sha256:d5791340ef181f05ef1e99760e4be81cb2008d99b2bc1e56b2faa9b6295d0ac3 1.05MB / 74.07MB 73.6s
#10 sha256:9824c27679d3b27c5e1cb00a73adb6f4f8d556994111c12db3c5d61a0c843df8 1.05MB / 3.80MB 73.6s
#10 ...

#12 [srh 1/1] FROM docker.io/hiett/serverless-redis-http:latest@sha256:5b0bb9239fce53abf87b2018a7a0deb9ec7bd900c5360738fe5fbeeb426f9150
#12 sha256:3c854c8cbf469fda815b8f6183300c07cfa2fbb5703859ca79aff93ae934961b 0B / 3.38MB 77.9s
#12 ...

#10 [pssim 1/2] FROM docker.io/library/golang:1.23-alpine@sha256:383395b794dffa5b53012a212365d40c8e37109a626ca30d6151c8348d380b5f
#10 sha256:d5791340ef181f05ef1e99760e4be81cb2008d99b2bc1e56b2faa9b6295d0ac3 1.05MB / 74.07MB 78.8s
#10 sha256:9824c27679d3b27c5e1cb00a73adb6f4f8d556994111c12db3c5d61a0c843df8 1.05MB / 3.80MB 78.8s
#10 sha256:d5791340ef181f05ef1e99760e4be81cb2008d99b2bc1e56b2faa9b6295d0ac3 1.05MB / 74.07MB 84.4s
#10 sha256:9824c27679d3b27c5e1cb00a73adb6f4f8d556994111c12db3c5d61a0c843df8 1.05MB / 3.80MB 84.4s
#10 ...

#9 [internal] load build context
#9 transferring context: 2.90MB 83.6s
#9 ...

#12 [srh 1/1] FROM docker.io/hiett/serverless-redis-http:latest@sha256:5b0bb9239fce53abf87b2018a7a0deb9ec7bd900c5360738fe5fbeeb426f9150
#12 sha256:3c854c8cbf469fda815b8f6183300c07cfa2fbb5703859ca79aff93ae934961b 0B / 3.38MB 84.3s
#12 ...

#9 [internal] load build context
#9 transferring context: 3.04MB 88.8s
#9 ...

#10 [pssim 1/2] FROM docker.io/library/golang:1.23-alpine@sha256:383395b794dffa5b53012a212365d40c8e37109a626ca30d6151c8348d380b5f
#10 sha256:d5791340ef181f05ef1e99760e4be81cb2008d99b2bc1e56b2faa9b6295d0ac3 1.05MB / 74.07MB 90.3s
#10 sha256:9824c27679d3b27c5e1cb00a73adb6f4f8d556994111c12db3c5d61a0c843df8 2.10MB / 3.80MB 90.3s
#10 ...

#9 [internal] load build context
#9 transferring context: 3.22MB 93.8s
#9 ...

#12 [srh 1/1] FROM docker.io/hiett/serverless-redis-http:latest@sha256:5b0bb9239fce53abf87b2018a7a0deb9ec7bd900c5360738fe5fbeeb426f9150
#12 sha256:3c854c8cbf469fda815b8f6183300c07cfa2fbb5703859ca79aff93ae934961b 0B / 3.38MB 94.0s
#12 ...

#9 [internal] load build context
#9 transferring context: 3.42MB 99.1s
#9 ...

#10 [pssim 1/2] FROM docker.io/library/golang:1.23-alpine@sha256:383395b794dffa5b53012a212365d40c8e37109a626ca30d6151c8348d380b5f
#10 sha256:d5791340ef181f05ef1e99760e4be81cb2008d99b2bc1e56b2faa9b6295d0ac3 1.05MB / 74.07MB 99.7s
#10 sha256:9824c27679d3b27c5e1cb00a73adb6f4f8d556994111c12db3c5d61a0c843df8 2.10MB / 3.80MB 99.7s
#10 ...

#9 [internal] load build context
#9 transferring context: 3.49MB 104.5s
#9 ...

#12 [srh 1/1] FROM docker.io/hiett/serverless-redis-http:latest@sha256:5b0bb9239fce53abf87b2018a7a0deb9ec7bd900c5360738fe5fbeeb426f9150
#12 sha256:3c854c8cbf469fda815b8f6183300c07cfa2fbb5703859ca79aff93ae934961b 0B / 3.38MB 105.0s
#12 ...

#10 [pssim 1/2] FROM docker.io/library/golang:1.23-alpine@sha256:383395b794dffa5b53012a212365d40c8e37109a626ca30d6151c8348d380b5f
#10 sha256:d5791340ef181f05ef1e99760e4be81cb2008d99b2bc1e56b2faa9b6295d0ac3 1.05MB / 74.07MB 105.2s
#10 sha256:9824c27679d3b27c5e1cb00a73adb6f4f8d556994111c12db3c5d61a0c843df8 2.10MB / 3.80MB 105.2s
#10 sha256:d5791340ef181f05ef1e99760e4be81cb2008d99b2bc1e56b2faa9b6295d0ac3 2.10MB / 74.07MB 110.3s
#10 sha256:9824c27679d3b27c5e1cb00a73adb6f4f8d556994111c12db3c5d61a0c843df8 2.10MB / 3.80MB 110.3s
#10 ...

#12 [srh 1/1] FROM docker.io/hiett/serverless-redis-http:latest@sha256:5b0bb9239fce53abf87b2018a7a0deb9ec7bd900c5360738fe5fbeeb426f9150
#12 sha256:3c854c8cbf469fda815b8f6183300c07cfa2fbb5703859ca79aff93ae934961b 1.05MB / 3.38MB 113.1s
#12 ...

#9 [internal] load build context
#9 transferring context: 3.91MB 112.0s
#9 ...

#10 [pssim 1/2] FROM docker.io/library/golang:1.23-alpine@sha256:383395b794dffa5b53012a212365d40c8e37109a626ca30d6151c8348d380b5f
#10 sha256:d5791340ef181f05ef1e99760e4be81cb2008d99b2bc1e56b2faa9b6295d0ac3 2.10MB / 74.07MB 115.3s
#10 sha256:9824c27679d3b27c5e1cb00a73adb6f4f8d556994111c12db3c5d61a0c843df8 2.10MB / 3.80MB 115.3s
#10 ...

#11 [stage-3  2/11] RUN apk add --no-cache mariadb mariadb-client redis       libstdc++ libgcc ncurses-libs openssl
#11 110.1 ( 1/28) Upgrading libcrypto3 (3.5.6-r0 -> 3.5.7-r0)
#11 116.8 ( 2/28) Upgrading libssl3 (3.5.6-r0 -> 3.5.7-r0)
#11 116.8 ERROR: libcrypto3-3.5.7-r0: I/O error
#11 ...

#12 [srh 1/1] FROM docker.io/hiett/serverless-redis-http:latest@sha256:5b0bb9239fce53abf87b2018a7a0deb9ec7bd900c5360738fe5fbeeb426f9150
#12 sha256:3c854c8cbf469fda815b8f6183300c07cfa2fbb5703859ca79aff93ae934961b 1.05MB / 3.38MB 118.5s
#12 ...

#10 [pssim 1/2] FROM docker.io/library/golang:1.23-alpine@sha256:383395b794dffa5b53012a212365d40c8e37109a626ca30d6151c8348d380b5f
#10 sha256:d5791340ef181f05ef1e99760e4be81cb2008d99b2bc1e56b2faa9b6295d0ac3 2.10MB / 74.07MB 121.4s
#10 sha256:9824c27679d3b27c5e1cb00a73adb6f4f8d556994111c12db3c5d61a0c843df8 2.10MB / 3.80MB 121.4s
#10 ...

#9 [internal] load build context
#9 transferring context: 4.19MB 124.2s
#9 ...

#12 [srh 1/1] FROM docker.io/hiett/serverless-redis-http:latest@sha256:5b0bb9239fce53abf87b2018a7a0deb9ec7bd900c5360738fe5fbeeb426f9150
#12 sha256:3c854c8cbf469fda815b8f6183300c07cfa2fbb5703859ca79aff93ae934961b 1.05MB / 3.38MB 124.5s
#12 ...

#13 [builder  2/11] RUN apk add --no-cache libc6-compat openssl git python3 make g++
#13 117.5 ( 2/45) Upgrading libssl3 (3.5.6-r0 -> 3.5.7-r0)
#13 ...

#10 [pssim 1/2] FROM docker.io/library/golang:1.23-alpine@sha256:383395b794dffa5b53012a212365d40c8e37109a626ca30d6151c8348d380b5f
#10 sha256:d5791340ef181f05ef1e99760e4be81cb2008d99b2bc1e56b2faa9b6295d0ac3 2.10MB / 74.07MB 126.8s
#10 sha256:9824c27679d3b27c5e1cb00a73adb6f4f8d556994111c12db3c5d61a0c843df8 2.10MB / 3.80MB 126.8s
#10 sha256:9824c27679d3b27c5e1cb00a73adb6f4f8d556994111c12db3c5d61a0c843df8 3.15MB / 3.80MB 126.9s
#10 sha256:d5791340ef181f05ef1e99760e4be81cb2008d99b2bc1e56b2faa9b6295d0ac3 2.10MB / 74.07MB 132.7s
#10 sha256:9824c27679d3b27c5e1cb00a73adb6f4f8d556994111c12db3c5d61a0c843df8 3.15MB / 3.80MB 132.7s
#10 ...

#9 [internal] load build context
#9 transferring context: 4.68MB 136.5s
#9 ...

#12 [srh 1/1] FROM docker.io/hiett/serverless-redis-http:latest@sha256:5b0bb9239fce53abf87b2018a7a0deb9ec7bd900c5360738fe5fbeeb426f9150
#12 sha256:3c854c8cbf469fda815b8f6183300c07cfa2fbb5703859ca79aff93ae934961b 1.05MB / 3.38MB 136.3s
#12 ...

#10 [pssim 1/2] FROM docker.io/library/golang:1.23-alpine@sha256:383395b794dffa5b53012a212365d40c8e37109a626ca30d6151c8348d380b5f
#10 sha256:d5791340ef181f05ef1e99760e4be81cb2008d99b2bc1e56b2faa9b6295d0ac3 2.10MB / 74.07MB 138.1s
#10 sha256:9824c27679d3b27c5e1cb00a73adb6f4f8d556994111c12db3c5d61a0c843df8 3.15MB / 3.80MB 138.1s
#10 ...

#11 [stage-3  2/11] RUN apk add --no-cache mariadb mariadb-client redis       libstdc++ libgcc ncurses-libs openssl
#11 130.4 ( 3/28) Installing mariadb-common (11.4.12-r0)
#11 ...

#12 [srh 1/1] FROM docker.io/hiett/serverless-redis-http:latest@sha256:5b0bb9239fce53abf87b2018a7a0deb9ec7bd900c5360738fe5fbeeb426f9150
#12 sha256:3c854c8cbf469fda815b8f6183300c07cfa2fbb5703859ca79aff93ae934961b 1.05MB / 3.38MB 141.4s
#12 sha256:3c854c8cbf469fda815b8f6183300c07cfa2fbb5703859ca79aff93ae934961b 2.10MB / 3.38MB 141.6s
#12 ...

#13 [builder  2/11] RUN apk add --no-cache libc6-compat openssl git python3 make g++
#13 132.7 ( 3/45) Installing libstdc++-dev (15.2.0-r2)
#13 141.3 ( 4/45) Installing jansson (2.14.1-r0)
#13 141.3 ERROR: libstdc++-dev-15.2.0-r2: I/O error
#13 ...

#10 [pssim 1/2] FROM docker.io/library/golang:1.23-alpine@sha256:383395b794dffa5b53012a212365d40c8e37109a626ca30d6151c8348d380b5f
#10 sha256:d5791340ef181f05ef1e99760e4be81cb2008d99b2bc1e56b2faa9b6295d0ac3 2.10MB / 74.07MB 143.6s
#10 sha256:9824c27679d3b27c5e1cb00a73adb6f4f8d556994111c12db3c5d61a0c843df8 3.15MB / 3.80MB 143.6s
#10 ...

#9 [internal] load build context
#9 transferring context: 4.93MB 146.8s
#9 ...

#12 [srh 1/1] FROM docker.io/hiett/serverless-redis-http:latest@sha256:5b0bb9239fce53abf87b2018a7a0deb9ec7bd900c5360738fe5fbeeb426f9150
#12 sha256:3c854c8cbf469fda815b8f6183300c07cfa2fbb5703859ca79aff93ae934961b 2.10MB / 3.38MB 146.6s
#12 ...

#10 [pssim 1/2] FROM docker.io/library/golang:1.23-alpine@sha256:383395b794dffa5b53012a212365d40c8e37109a626ca30d6151c8348d380b5f
#10 sha256:d5791340ef181f05ef1e99760e4be81cb2008d99b2bc1e56b2faa9b6295d0ac3 3.15MB / 74.07MB 149.0s
#10 sha256:9824c27679d3b27c5e1cb00a73adb6f4f8d556994111c12db3c5d61a0c843df8 3.15MB / 3.80MB 149.0s
#10 sha256:9824c27679d3b27c5e1cb00a73adb6f4f8d556994111c12db3c5d61a0c843df8 3.80MB / 3.80MB 150.8s
#10 sha256:9824c27679d3b27c5e1cb00a73adb6f4f8d556994111c12db3c5d61a0c843df8 3.80MB / 3.80MB 150.9s done
#10 extracting sha256:9824c27679d3b27c5e1cb00a73adb6f4f8d556994111c12db3c5d61a0c843df8 0.2s
#10 extracting sha256:9824c27679d3b27c5e1cb00a73adb6f4f8d556994111c12db3c5d61a0c843df8 0.4s done
#10 extracting sha256:8371a51cbc44c1323f96695eaeaeeb1c44b2d30d138a279b348af5c18b2c5e24
#10 extracting sha256:8371a51cbc44c1323f96695eaeaeeb1c44b2d30d138a279b348af5c18b2c5e24 0.2s done
#10 sha256:d5791340ef181f05ef1e99760e4be81cb2008d99b2bc1e56b2faa9b6295d0ac3 3.15MB / 74.07MB 154.6s
#10 ...

#13 [builder  2/11] RUN apk add --no-cache libc6-compat openssl git python3 make g++
#13 147.1 ( 5/45) Installing zstd-libs (1.5.7-r2)
#13 ...

#12 [srh 1/1] FROM docker.io/hiett/serverless-redis-http:latest@sha256:5b0bb9239fce53abf87b2018a7a0deb9ec7bd900c5360738fe5fbeeb426f9150
#12 sha256:3c854c8cbf469fda815b8f6183300c07cfa2fbb5703859ca79aff93ae934961b 2.10MB / 3.38MB 155.9s
#12 sha256:be11eda08a582763e8617b5a7e456ea053a3d47554713405ee8c653f41160c44 0B / 47.72MB 155.9s
#12 ...

#10 [pssim 1/2] FROM docker.io/library/golang:1.23-alpine@sha256:383395b794dffa5b53012a212365d40c8e37109a626ca30d6151c8348d380b5f
#10 ...

#9 [internal] load build context
#9 transferring context: 5.07MB 158.6s
#9 ...

#12 [srh 1/1] FROM docker.io/hiett/serverless-redis-http:latest@sha256:5b0bb9239fce53abf87b2018a7a0deb9ec7bd900c5360738fe5fbeeb426f9150
#12 sha256:3c854c8cbf469fda815b8f6183300c07cfa2fbb5703859ca79aff93ae934961b 2.10MB / 3.38MB 160.9s
#12 sha256:be11eda08a582763e8617b5a7e456ea053a3d47554713405ee8c653f41160c44 0B / 47.72MB 160.9s
#12 sha256:3c854c8cbf469fda815b8f6183300c07cfa2fbb5703859ca79aff93ae934961b 2.10MB / 3.38MB 166.4s
#12 sha256:be11eda08a582763e8617b5a7e456ea053a3d47554713405ee8c653f41160c44 0B / 47.72MB 166.4s
#12 ...

#13 [builder  2/11] RUN apk add --no-cache libc6-compat openssl git python3 make g++
#13 160.2 ( 6/45) Installing binutils (2.45.1-r0)
#13 ...

#9 [internal] load build context
#9 transferring context: 5.22MB 169.3s
#9 ...

#10 [pssim 1/2] FROM docker.io/library/golang:1.23-alpine@sha256:383395b794dffa5b53012a212365d40c8e37109a626ca30d6151c8348d380b5f
#10 sha256:d5791340ef181f05ef1e99760e4be81cb2008d99b2bc1e56b2faa9b6295d0ac3 3.15MB / 74.07MB 169.4s
#10 ...

#12 [srh 1/1] FROM docker.io/hiett/serverless-redis-http:latest@sha256:5b0bb9239fce53abf87b2018a7a0deb9ec7bd900c5360738fe5fbeeb426f9150
#12 sha256:3c854c8cbf469fda815b8f6183300c07cfa2fbb5703859ca79aff93ae934961b 2.10MB / 3.38MB 171.7s
#12 sha256:be11eda08a582763e8617b5a7e456ea053a3d47554713405ee8c653f41160c44 0B / 47.72MB 171.7s
#12 sha256:3c854c8cbf469fda815b8f6183300c07cfa2fbb5703859ca79aff93ae934961b 2.10MB / 3.38MB 176.7s
#12 sha256:be11eda08a582763e8617b5a7e456ea053a3d47554713405ee8c653f41160c44 0B / 47.72MB 176.7s
#12 sha256:3c854c8cbf469fda815b8f6183300c07cfa2fbb5703859ca79aff93ae934961b 3.15MB / 3.38MB 179.5s
#12 ...

#10 [pssim 1/2] FROM docker.io/library/golang:1.23-alpine@sha256:383395b794dffa5b53012a212365d40c8e37109a626ca30d6151c8348d380b5f
#10 sha256:d5791340ef181f05ef1e99760e4be81cb2008d99b2bc1e56b2faa9b6295d0ac3 3.15MB / 74.07MB 179.9s
#10 ...

#9 [internal] load build context
#9 transferring context: 5.38MB 180.4s
#9 ...

#10 [pssim 1/2] FROM docker.io/library/golang:1.23-alpine@sha256:383395b794dffa5b53012a212365d40c8e37109a626ca30d6151c8348d380b5f
#10 sha256:d5791340ef181f05ef1e99760e4be81cb2008d99b2bc1e56b2faa9b6295d0ac3 3.15MB / 74.07MB 185.0s
#10 ...

#12 [srh 1/1] FROM docker.io/hiett/serverless-redis-http:latest@sha256:5b0bb9239fce53abf87b2018a7a0deb9ec7bd900c5360738fe5fbeeb426f9150
#12 sha256:3c854c8cbf469fda815b8f6183300c07cfa2fbb5703859ca79aff93ae934961b 3.15MB / 3.38MB 186.7s
#12 sha256:be11eda08a582763e8617b5a7e456ea053a3d47554713405ee8c653f41160c44 0B / 47.72MB 186.7s
#12 sha256:3c854c8cbf469fda815b8f6183300c07cfa2fbb5703859ca79aff93ae934961b 3.38MB / 3.38MB 187.9s done
#12 extracting sha256:3c854c8cbf469fda815b8f6183300c07cfa2fbb5703859ca79aff93ae934961b 0.8s done
#12 sha256:0a991b91894bb719dc82fbb217fb376c36bd4ebf7cdcedf3818ba11250fd6ecb 0B / 5.96MB 188.8s
#12 ...

#10 [pssim 1/2] FROM docker.io/library/golang:1.23-alpine@sha256:383395b794dffa5b53012a212365d40c8e37109a626ca30d6151c8348d380b5f
#10 sha256:d5791340ef181f05ef1e99760e4be81cb2008d99b2bc1e56b2faa9b6295d0ac3 3.15MB / 74.07MB 190.2s
#10 ...

#9 [internal] load build context
#9 transferring context: 5.45MB 191.0s
#9 ...

#10 [pssim 1/2] FROM docker.io/library/golang:1.23-alpine@sha256:383395b794dffa5b53012a212365d40c8e37109a626ca30d6151c8348d380b5f
#10 sha256:d5791340ef181f05ef1e99760e4be81cb2008d99b2bc1e56b2faa9b6295d0ac3 3.15MB / 74.07MB 195.4s
#10 ...

#12 [srh 1/1] FROM docker.io/hiett/serverless-redis-http:latest@sha256:5b0bb9239fce53abf87b2018a7a0deb9ec7bd900c5360738fe5fbeeb426f9150
#12 sha256:be11eda08a582763e8617b5a7e456ea053a3d47554713405ee8c653f41160c44 1.05MB / 47.72MB 197.7s
#12 sha256:0a991b91894bb719dc82fbb217fb376c36bd4ebf7cdcedf3818ba11250fd6ecb 0B / 5.96MB 197.7s
#12 ...

#10 [pssim 1/2] FROM docker.io/library/golang:1.23-alpine@sha256:383395b794dffa5b53012a212365d40c8e37109a626ca30d6151c8348d380b5f
#10 sha256:d5791340ef181f05ef1e99760e4be81cb2008d99b2bc1e56b2faa9b6295d0ac3 3.15MB / 74.07MB 200.5s
#10 ...

#9 [internal] load build context
#9 transferring context: 5.62MB 200.2s
#9 ...

#10 [pssim 1/2] FROM docker.io/library/golang:1.23-alpine@sha256:383395b794dffa5b53012a212365d40c8e37109a626ca30d6151c8348d380b5f
#10 sha256:d5791340ef181f05ef1e99760e4be81cb2008d99b2bc1e56b2faa9b6295d0ac3 3.15MB / 74.07MB 207.0s
#10 ...

#12 [srh 1/1] FROM docker.io/hiett/serverless-redis-http:latest@sha256:5b0bb9239fce53abf87b2018a7a0deb9ec7bd900c5360738fe5fbeeb426f9150
#12 sha256:be11eda08a582763e8617b5a7e456ea053a3d47554713405ee8c653f41160c44 1.05MB / 47.72MB 207.9s
#12 sha256:0a991b91894bb719dc82fbb217fb376c36bd4ebf7cdcedf3818ba11250fd6ecb 0B / 5.96MB 207.9s
#12 ...

#10 [pssim 1/2] FROM docker.io/library/golang:1.23-alpine@sha256:383395b794dffa5b53012a212365d40c8e37109a626ca30d6151c8348d380b5f
#10 ...

#9 [internal] load build context
#9 transferring context: 5.70MB 210.5s
#9 ...

#12 [srh 1/1] FROM docker.io/hiett/serverless-redis-http:latest@sha256:5b0bb9239fce53abf87b2018a7a0deb9ec7bd900c5360738fe5fbeeb426f9150
#12 sha256:be11eda08a582763e8617b5a7e456ea053a3d47554713405ee8c653f41160c44 2.10MB / 47.72MB 213.5s
#12 sha256:0a991b91894bb719dc82fbb217fb376c36bd4ebf7cdcedf3818ba11250fd6ecb 0B / 5.96MB 213.5s
#12 sha256:be11eda08a582763e8617b5a7e456ea053a3d47554713405ee8c653f41160c44 2.10MB / 47.72MB 218.7s
#12 sha256:0a991b91894bb719dc82fbb217fb376c36bd4ebf7cdcedf3818ba11250fd6ecb 0B / 5.96MB 218.7s
#12 ...

#9 [internal] load build context
#9 transferring context: 6.26MB 222.1s
#9 ...

#10 [pssim 1/2] FROM docker.io/library/golang:1.23-alpine@sha256:383395b794dffa5b53012a212365d40c8e37109a626ca30d6151c8348d380b5f
#10 sha256:d5791340ef181f05ef1e99760e4be81cb2008d99b2bc1e56b2faa9b6295d0ac3 3.15MB / 74.07MB 221.8s
#10 ...

#12 [srh 1/1] FROM docker.io/hiett/serverless-redis-http:latest@sha256:5b0bb9239fce53abf87b2018a7a0deb9ec7bd900c5360738fe5fbeeb426f9150
#12 sha256:be11eda08a582763e8617b5a7e456ea053a3d47554713405ee8c653f41160c44 2.10MB / 47.72MB 223.8s
#12 sha256:0a991b91894bb719dc82fbb217fb376c36bd4ebf7cdcedf3818ba11250fd6ecb 0B / 5.96MB 223.8s
#12 sha256:be11eda08a582763e8617b5a7e456ea053a3d47554713405ee8c653f41160c44 2.10MB / 47.72MB 229.7s
#12 sha256:0a991b91894bb719dc82fbb217fb376c36bd4ebf7cdcedf3818ba11250fd6ecb 0B / 5.96MB 229.7s
#12 ...

#10 [pssim 1/2] FROM docker.io/library/golang:1.23-alpine@sha256:383395b794dffa5b53012a212365d40c8e37109a626ca30d6151c8348d380b5f
#10 sha256:d5791340ef181f05ef1e99760e4be81cb2008d99b2bc1e56b2faa9b6295d0ac3 3.15MB / 74.07MB 232.6s
#10 ...

#9 [internal] load build context
#9 transferring context: 7.08MB 232.9s
#9 ...

#12 [srh 1/1] FROM docker.io/hiett/serverless-redis-http:latest@sha256:5b0bb9239fce53abf87b2018a7a0deb9ec7bd900c5360738fe5fbeeb426f9150
#12 sha256:be11eda08a582763e8617b5a7e456ea053a3d47554713405ee8c653f41160c44 3.15MB / 47.72MB 234.9s
#12 sha256:0a991b91894bb719dc82fbb217fb376c36bd4ebf7cdcedf3818ba11250fd6ecb 0B / 5.96MB 234.9s
#12 sha256:be11eda08a582763e8617b5a7e456ea053a3d47554713405ee8c653f41160c44 3.15MB / 47.72MB 240.1s
#12 sha256:0a991b91894bb719dc82fbb217fb376c36bd4ebf7cdcedf3818ba11250fd6ecb 0B / 5.96MB 240.1s
#12 ...

#10 [pssim 1/2] FROM docker.io/library/golang:1.23-alpine@sha256:383395b794dffa5b53012a212365d40c8e37109a626ca30d6151c8348d380b5f
#10 sha256:d5791340ef181f05ef1e99760e4be81cb2008d99b2bc1e56b2faa9b6295d0ac3 3.15MB / 74.07MB 243.0s
#10 ...

#9 [internal] load build context
#9 transferring context: 7.28MB 243.4s
#9 ...

#10 [pssim 1/2] FROM docker.io/library/golang:1.23-alpine@sha256:383395b794dffa5b53012a212365d40c8e37109a626ca30d6151c8348d380b5f
#10 sha256:d5791340ef181f05ef1e99760e4be81cb2008d99b2bc1e56b2faa9b6295d0ac3 4.19MB / 74.07MB 248.0s
#10 ...

#12 [srh 1/1] FROM docker.io/hiett/serverless-redis-http:latest@sha256:5b0bb9239fce53abf87b2018a7a0deb9ec7bd900c5360738fe5fbeeb426f9150
#12 sha256:be11eda08a582763e8617b5a7e456ea053a3d47554713405ee8c653f41160c44 3.15MB / 47.72MB 250.3s
#12 sha256:0a991b91894bb719dc82fbb217fb376c36bd4ebf7cdcedf3818ba11250fd6ecb 0B / 5.96MB 250.3s
#12 ...

#10 [pssim 1/2] FROM docker.io/library/golang:1.23-alpine@sha256:383395b794dffa5b53012a212365d40c8e37109a626ca30d6151c8348d380b5f
#10 sha256:d5791340ef181f05ef1e99760e4be81cb2008d99b2bc1e56b2faa9b6295d0ac3 4.19MB / 74.07MB 253.1s
#10 ...

#9 [internal] load build context
#9 transferring context: 9.72MB 253.6s
#9 ...

#12 [srh 1/1] FROM docker.io/hiett/serverless-redis-http:latest@sha256:5b0bb9239fce53abf87b2018a7a0deb9ec7bd900c5360738fe5fbeeb426f9150
#12 sha256:be11eda08a582763e8617b5a7e456ea053a3d47554713405ee8c653f41160c44 4.19MB / 47.72MB 255.6s
#12 sha256:0a991b91894bb719dc82fbb217fb376c36bd4ebf7cdcedf3818ba11250fd6ecb 0B / 5.96MB 255.6s
#12 sha256:be11eda08a582763e8617b5a7e456ea053a3d47554713405ee8c653f41160c44 4.19MB / 47.72MB 260.7s
#12 sha256:0a991b91894bb719dc82fbb217fb376c36bd4ebf7cdcedf3818ba11250fd6ecb 0B / 5.96MB 260.7s
#12 ...

#10 [pssim 1/2] FROM docker.io/library/golang:1.23-alpine@sha256:383395b794dffa5b53012a212365d40c8e37109a626ca30d6151c8348d380b5f
#10 sha256:d5791340ef181f05ef1e99760e4be81cb2008d99b2bc1e56b2faa9b6295d0ac3 4.19MB / 74.07MB 264.5s
#10 ...

#12 [srh 1/1] FROM docker.io/hiett/serverless-redis-http:latest@sha256:5b0bb9239fce53abf87b2018a7a0deb9ec7bd900c5360738fe5fbeeb426f9150
#12 ...

#9 [internal] load build context
#9 transferring context: 9.85MB 264.8s
#9 ...

#12 [srh 1/1] FROM docker.io/hiett/serverless-redis-http:latest@sha256:5b0bb9239fce53abf87b2018a7a0deb9ec7bd900c5360738fe5fbeeb426f9150
#12 sha256:be11eda08a582763e8617b5a7e456ea053a3d47554713405ee8c653f41160c44 4.19MB / 47.72MB 265.7s
#12 sha256:0a991b91894bb719dc82fbb217fb376c36bd4ebf7cdcedf3818ba11250fd6ecb 0B / 5.96MB 267.4s
#12 sha256:be11eda08a582763e8617b5a7e456ea053a3d47554713405ee8c653f41160c44 4.19MB / 47.72MB 270.8s
#12 sha256:0a991b91894bb719dc82fbb217fb376c36bd4ebf7cdcedf3818ba11250fd6ecb 0B / 5.96MB 272.7s
#12 ...

#10 [pssim 1/2] FROM docker.io/library/golang:1.23-alpine@sha256:383395b794dffa5b53012a212365d40c8e37109a626ca30d6151c8348d380b5f
#10 sha256:d5791340ef181f05ef1e99760e4be81cb2008d99b2bc1e56b2faa9b6295d0ac3 4.19MB / 74.07MB 273.9s
#10 ...

#12 [srh 1/1] FROM docker.io/hiett/serverless-redis-http:latest@sha256:5b0bb9239fce53abf87b2018a7a0deb9ec7bd900c5360738fe5fbeeb426f9150
#12 sha256:be11eda08a582763e8617b5a7e456ea053a3d47554713405ee8c653f41160c44 4.19MB / 47.72MB 275.8s
#12 ...

#9 [internal] load build context
#9 transferring context: 10.09MB 277.5s
#9 ...

#10 [pssim 1/2] FROM docker.io/library/golang:1.23-alpine@sha256:383395b794dffa5b53012a212365d40c8e37109a626ca30d6151c8348d380b5f
#10 sha256:d5791340ef181f05ef1e99760e4be81cb2008d99b2bc1e56b2faa9b6295d0ac3 5.24MB / 74.07MB 279.0s
#10 ...

#12 [srh 1/1] FROM docker.io/hiett/serverless-redis-http:latest@sha256:5b0bb9239fce53abf87b2018a7a0deb9ec7bd900c5360738fe5fbeeb426f9150
#12 sha256:be11eda08a582763e8617b5a7e456ea053a3d47554713405ee8c653f41160c44 5.24MB / 47.72MB 282.4s
#12 sha256:0a991b91894bb719dc82fbb217fb376c36bd4ebf7cdcedf3818ba11250fd6ecb 0B / 5.96MB 282.4s
#12 ...

#9 [internal] load build context
#9 transferring context: 10.16MB 286.7s
#9 ...

#10 [pssim 1/2] FROM docker.io/library/golang:1.23-alpine@sha256:383395b794dffa5b53012a212365d40c8e37109a626ca30d6151c8348d380b5f
#10 sha256:d5791340ef181f05ef1e99760e4be81cb2008d99b2bc1e56b2faa9b6295d0ac3 5.24MB / 74.07MB 287.3s
#10 ...

#12 [srh 1/1] FROM docker.io/hiett/serverless-redis-http:latest@sha256:5b0bb9239fce53abf87b2018a7a0deb9ec7bd900c5360738fe5fbeeb426f9150
#12 sha256:be11eda08a582763e8617b5a7e456ea053a3d47554713405ee8c653f41160c44 5.24MB / 47.72MB 289.1s
#12 sha256:0a991b91894bb719dc82fbb217fb376c36bd4ebf7cdcedf3818ba11250fd6ecb 0B / 5.96MB 289.1s
#12 sha256:be11eda08a582763e8617b5a7e456ea053a3d47554713405ee8c653f41160c44 5.24MB / 47.72MB 294.2s
#12 sha256:0a991b91894bb719dc82fbb217fb376c36bd4ebf7cdcedf3818ba11250fd6ecb 0B / 5.96MB 294.2s
#12 ...

#9 [internal] load build context
#9 transferring context: 10.30MB 297.1s
#9 ...

#12 [srh 1/1] FROM docker.io/hiett/serverless-redis-http:latest@sha256:5b0bb9239fce53abf87b2018a7a0deb9ec7bd900c5360738fe5fbeeb426f9150
#12 sha256:be11eda08a582763e8617b5a7e456ea053a3d47554713405ee8c653f41160c44 6.29MB / 47.72MB 299.6s
#12 sha256:0a991b91894bb719dc82fbb217fb376c36bd4ebf7cdcedf3818ba11250fd6ecb 0B / 5.96MB 299.6s
#12 ...

#10 [pssim 1/2] FROM docker.io/library/golang:1.23-alpine@sha256:383395b794dffa5b53012a212365d40c8e37109a626ca30d6151c8348d380b5f
#10 sha256:d5791340ef181f05ef1e99760e4be81cb2008d99b2bc1e56b2faa9b6295d0ac3 5.24MB / 74.07MB 300.0s
#10 ...

#12 [srh 1/1] FROM docker.io/hiett/serverless-redis-http:latest@sha256:5b0bb9239fce53abf87b2018a7a0deb9ec7bd900c5360738fe5fbeeb426f9150
#12 sha256:be11eda08a582763e8617b5a7e456ea053a3d47554713405ee8c653f41160c44 6.29MB / 47.72MB 305.3s
#12 sha256:0a991b91894bb719dc82fbb217fb376c36bd4ebf7cdcedf3818ba11250fd6ecb 0B / 5.96MB 305.3s
#12 ...

#9 [internal] load build context
#9 transferring context: 10.44MB 309.7s
#9 ...

#12 [srh 1/1] FROM docker.io/hiett/serverless-redis-http:latest@sha256:5b0bb9239fce53abf87b2018a7a0deb9ec7bd900c5360738fe5fbeeb426f9150
#12 ...

#10 [pssim 1/2] FROM docker.io/library/golang:1.23-alpine@sha256:383395b794dffa5b53012a212365d40c8e37109a626ca30d6151c8348d380b5f
#10 sha256:d5791340ef181f05ef1e99760e4be81cb2008d99b2bc1e56b2faa9b6295d0ac3 6.29MB / 74.07MB 310.1s
#10 ...

#12 [srh 1/1] FROM docker.io/hiett/serverless-redis-http:latest@sha256:5b0bb9239fce53abf87b2018a7a0deb9ec7bd900c5360738fe5fbeeb426f9150
#12 sha256:be11eda08a582763e8617b5a7e456ea053a3d47554713405ee8c653f41160c44 6.29MB / 47.72MB 311.3s
#12 sha256:0a991b91894bb719dc82fbb217fb376c36bd4ebf7cdcedf3818ba11250fd6ecb 0B / 5.96MB 311.3s
#12 sha256:be11eda08a582763e8617b5a7e456ea053a3d47554713405ee8c653f41160c44 6.29MB / 47.72MB 316.9s
#12 sha256:0a991b91894bb719dc82fbb217fb376c36bd4ebf7cdcedf3818ba11250fd6ecb 0B / 5.96MB 316.9s
#12 ...

#9 [internal] load build context
#9 transferring context: 10.64MB 318.9s
#9 ...

#10 [pssim 1/2] FROM docker.io/library/golang:1.23-alpine@sha256:383395b794dffa5b53012a212365d40c8e37109a626ca30d6151c8348d380b5f
#10 sha256:d5791340ef181f05ef1e99760e4be81cb2008d99b2bc1e56b2faa9b6295d0ac3 6.29MB / 74.07MB 319.3s
#10 ...

#12 [srh 1/1] FROM docker.io/hiett/serverless-redis-http:latest@sha256:5b0bb9239fce53abf87b2018a7a0deb9ec7bd900c5360738fe5fbeeb426f9150
#12 sha256:be11eda08a582763e8617b5a7e456ea053a3d47554713405ee8c653f41160c44 6.29MB / 47.72MB 322.6s
#12 sha256:0a991b91894bb719dc82fbb217fb376c36bd4ebf7cdcedf3818ba11250fd6ecb 0B / 5.96MB 322.6s
#12 ...

#13 [builder  2/11] RUN apk add --no-cache libc6-compat openssl git python3 make g++
#13 311.7 ERROR: binutils-2.45.1-r0: failed to extract usr/lib/libbfd-2.45.1.so: I/O error
#13 311.7 ERROR: binutils-2.45.1-r0: I/O error
#13 311.7 ( 7/45) Installing libgomp (15.2.0-r2)
#13 ...

#10 [pssim 1/2] FROM docker.io/library/golang:1.23-alpine@sha256:383395b794dffa5b53012a212365d40c8e37109a626ca30d6151c8348d380b5f
#10 sha256:d5791340ef181f05ef1e99760e4be81cb2008d99b2bc1e56b2faa9b6295d0ac3 6.29MB / 74.07MB 324.8s
#10 ...

#12 [srh 1/1] FROM docker.io/hiett/serverless-redis-http:latest@sha256:5b0bb9239fce53abf87b2018a7a0deb9ec7bd900c5360738fe5fbeeb426f9150
#12 sha256:be11eda08a582763e8617b5a7e456ea053a3d47554713405ee8c653f41160c44 6.29MB / 47.72MB 328.0s
#12 sha256:0a991b91894bb719dc82fbb217fb376c36bd4ebf7cdcedf3818ba11250fd6ecb 0B / 5.96MB 328.0s
#12 ...

#9 [internal] load build context
#9 transferring context: 10.79MB 330.5s
#9 ...

#10 [pssim 1/2] FROM docker.io/library/golang:1.23-alpine@sha256:383395b794dffa5b53012a212365d40c8e37109a626ca30d6151c8348d380b5f
#10 sha256:d5791340ef181f05ef1e99760e4be81cb2008d99b2bc1e56b2faa9b6295d0ac3 6.29MB / 74.07MB 330.3s
#10 ...

#12 [srh 1/1] FROM docker.io/hiett/serverless-redis-http:latest@sha256:5b0bb9239fce53abf87b2018a7a0deb9ec7bd900c5360738fe5fbeeb426f9150
#12 sha256:be11eda08a582763e8617b5a7e456ea053a3d47554713405ee8c653f41160c44 6.29MB / 47.72MB 335.0s
#12 sha256:0a991b91894bb719dc82fbb217fb376c36bd4ebf7cdcedf3818ba11250fd6ecb 0B / 5.96MB 335.0s
#12 ...

#13 [builder  2/11] RUN apk add --no-cache libc6-compat openssl git python3 make g++
#13 329.9 ( 8/45) Installing libatomic (15.2.0-r2)
#13 ...

#10 [pssim 1/2] FROM docker.io/library/golang:1.23-alpine@sha256:383395b794dffa5b53012a212365d40c8e37109a626ca30d6151c8348d380b5f
#10 sha256:d5791340ef181f05ef1e99760e4be81cb2008d99b2bc1e56b2faa9b6295d0ac3 6.29MB / 74.07MB 338.3s
#10 ...

#9 [internal] load build context
#9 transferring context: 10.94MB 340.6s
#9 ...

#12 [srh 1/1] FROM docker.io/hiett/serverless-redis-http:latest@sha256:5b0bb9239fce53abf87b2018a7a0deb9ec7bd900c5360738fe5fbeeb426f9150
#12 sha256:be11eda08a582763e8617b5a7e456ea053a3d47554713405ee8c653f41160c44 6.29MB / 47.72MB 341.1s
#12 sha256:0a991b91894bb719dc82fbb217fb376c36bd4ebf7cdcedf3818ba11250fd6ecb 0B / 5.96MB 341.1s
#12 sha256:be11eda08a582763e8617b5a7e456ea053a3d47554713405ee8c653f41160c44 6.29MB / 47.72MB 347.3s
#12 sha256:0a991b91894bb719dc82fbb217fb376c36bd4ebf7cdcedf3818ba11250fd6ecb 0B / 5.96MB 347.3s
#12 ...

#10 [pssim 1/2] FROM docker.io/library/golang:1.23-alpine@sha256:383395b794dffa5b53012a212365d40c8e37109a626ca30d6151c8348d380b5f
#10 sha256:d5791340ef181f05ef1e99760e4be81cb2008d99b2bc1e56b2faa9b6295d0ac3 6.29MB / 74.07MB 351.0s
#10 ...

#12 [srh 1/1] FROM docker.io/hiett/serverless-redis-http:latest@sha256:5b0bb9239fce53abf87b2018a7a0deb9ec7bd900c5360738fe5fbeeb426f9150
#12 ...

#9 [internal] load build context
#9 transferring context: 11.22MB 351.5s
#9 ...

#10 [pssim 1/2] FROM docker.io/library/golang:1.23-alpine@sha256:383395b794dffa5b53012a212365d40c8e37109a626ca30d6151c8348d380b5f
#10 sha256:d5791340ef181f05ef1e99760e4be81cb2008d99b2bc1e56b2faa9b6295d0ac3 6.29MB / 74.07MB 356.1s
#10 ...

#11 [stage-3  2/11] RUN apk add --no-cache mariadb mariadb-client redis       libstdc++ libgcc ncurses-libs openssl
#11 347.8 ( 4/28) Installing libaio (0.3.113-r2)
#11 ...

#10 [pssim 1/2] FROM docker.io/library/golang:1.23-alpine@sha256:383395b794dffa5b53012a212365d40c8e37109a626ca30d6151c8348d380b5f
#10 sha256:d5791340ef181f05ef1e99760e4be81cb2008d99b2bc1e56b2faa9b6295d0ac3 6.29MB / 74.07MB 361.3s
#10 ...

#12 [srh 1/1] FROM docker.io/hiett/serverless-redis-http:latest@sha256:5b0bb9239fce53abf87b2018a7a0deb9ec7bd900c5360738fe5fbeeb426f9150
#12 sha256:be11eda08a582763e8617b5a7e456ea053a3d47554713405ee8c653f41160c44 6.29MB / 47.72MB 362.0s
#12 sha256:0a991b91894bb719dc82fbb217fb376c36bd4ebf7cdcedf3818ba11250fd6ecb 1.05MB / 5.96MB 362.0s
#12 ...

#9 [internal] load build context
#9 transferring context: 11.51MB 362.6s
#9 ...

#10 [pssim 1/2] FROM docker.io/library/golang:1.23-alpine@sha256:383395b794dffa5b53012a212365d40c8e37109a626ca30d6151c8348d380b5f
#10 sha256:d5791340ef181f05ef1e99760e4be81cb2008d99b2bc1e56b2faa9b6295d0ac3 6.29MB / 74.07MB 366.9s
#10 ...

#12 [srh 1/1] FROM docker.io/hiett/serverless-redis-http:latest@sha256:5b0bb9239fce53abf87b2018a7a0deb9ec7bd900c5360738fe5fbeeb426f9150
#12 sha256:be11eda08a582763e8617b5a7e456ea053a3d47554713405ee8c653f41160c44 7.34MB / 47.72MB 368.4s
#12 sha256:0a991b91894bb719dc82fbb217fb376c36bd4ebf7cdcedf3818ba11250fd6ecb 1.05MB / 5.96MB 368.4s
#12 ...

#10 [pssim 1/2] FROM docker.io/library/golang:1.23-alpine@sha256:383395b794dffa5b53012a212365d40c8e37109a626ca30d6151c8348d380b5f
#10 sha256:d5791340ef181f05ef1e99760e4be81cb2008d99b2bc1e56b2faa9b6295d0ac3 6.29MB / 74.07MB 371.9s
#10 ...

#9 [internal] load build context
#9 transferring context: 11.81MB 374.1s
#9 ...

#10 [pssim 1/2] FROM docker.io/library/golang:1.23-alpine@sha256:383395b794dffa5b53012a212365d40c8e37109a626ca30d6151c8348d380b5f
#10 sha256:d5791340ef181f05ef1e99760e4be81cb2008d99b2bc1e56b2faa9b6295d0ac3 6.29MB / 74.07MB 377.0s
#10 ...

#12 [srh 1/1] FROM docker.io/hiett/serverless-redis-http:latest@sha256:5b0bb9239fce53abf87b2018a7a0deb9ec7bd900c5360738fe5fbeeb426f9150
#12 sha256:be11eda08a582763e8617b5a7e456ea053a3d47554713405ee8c653f41160c44 7.34MB / 47.72MB 378.9s
#12 sha256:0a991b91894bb719dc82fbb217fb376c36bd4ebf7cdcedf3818ba11250fd6ecb 1.05MB / 5.96MB 378.9s
#12 ...

#10 [pssim 1/2] FROM docker.io/library/golang:1.23-alpine@sha256:383395b794dffa5b53012a212365d40c8e37109a626ca30d6151c8348d380b5f
#10 ...

#9 [internal] load build context
#9 transferring context: 11.91MB 379.3s
#9 ...

#12 [srh 1/1] FROM docker.io/hiett/serverless-redis-http:latest@sha256:5b0bb9239fce53abf87b2018a7a0deb9ec7bd900c5360738fe5fbeeb426f9150
#12 ...

#10 [pssim 1/2] FROM docker.io/library/golang:1.23-alpine@sha256:383395b794dffa5b53012a212365d40c8e37109a626ca30d6151c8348d380b5f
#10 sha256:d5791340ef181f05ef1e99760e4be81cb2008d99b2bc1e56b2faa9b6295d0ac3 6.29MB / 74.07MB 382.2s
#10 sha256:d5791340ef181f05ef1e99760e4be81cb2008d99b2bc1e56b2faa9b6295d0ac3 6.29MB / 74.07MB 387.2s
#10 sha256:d5791340ef181f05ef1e99760e4be81cb2008d99b2bc1e56b2faa9b6295d0ac3 6.29MB / 74.07MB 392.3s
#10 ...

#12 [srh 1/1] FROM docker.io/hiett/serverless-redis-http:latest@sha256:5b0bb9239fce53abf87b2018a7a0deb9ec7bd900c5360738fe5fbeeb426f9150
#12 sha256:be11eda08a582763e8617b5a7e456ea053a3d47554713405ee8c653f41160c44 7.34MB / 47.72MB 393.2s
#12 sha256:0a991b91894bb719dc82fbb217fb376c36bd4ebf7cdcedf3818ba11250fd6ecb 2.10MB / 5.96MB 393.2s
#12 ...

#10 [pssim 1/2] FROM docker.io/library/golang:1.23-alpine@sha256:383395b794dffa5b53012a212365d40c8e37109a626ca30d6151c8348d380b5f
#10 ...

#9 [internal] load build context
#9 transferring context: 13.16MB 396.2s
#9 ...

#10 [pssim 1/2] FROM docker.io/library/golang:1.23-alpine@sha256:383395b794dffa5b53012a212365d40c8e37109a626ca30d6151c8348d380b5f
#10 sha256:d5791340ef181f05ef1e99760e4be81cb2008d99b2bc1e56b2faa9b6295d0ac3 6.29MB / 74.07MB 397.3s
#10 sha256:d5791340ef181f05ef1e99760e4be81cb2008d99b2bc1e56b2faa9b6295d0ac3 6.29MB / 74.07MB 402.9s
#10 ...

#12 [srh 1/1] FROM docker.io/hiett/serverless-redis-http:latest@sha256:5b0bb9239fce53abf87b2018a7a0deb9ec7bd900c5360738fe5fbeeb426f9150
#12 sha256:be11eda08a582763e8617b5a7e456ea053a3d47554713405ee8c653f41160c44 8.39MB / 47.72MB 403.7s
#12 sha256:0a991b91894bb719dc82fbb217fb376c36bd4ebf7cdcedf3818ba11250fd6ecb 2.10MB / 5.96MB 403.7s
#12 ...

#9 [internal] load build context
#9 transferring context: 14.67MB 407.2s
#9 ...

#12 [srh 1/1] FROM docker.io/hiett/serverless-redis-http:latest@sha256:5b0bb9239fce53abf87b2018a7a0deb9ec7bd900c5360738fe5fbeeb426f9150
#12 sha256:be11eda08a582763e8617b5a7e456ea053a3d47554713405ee8c653f41160c44 8.39MB / 47.72MB 408.9s
#12 sha256:0a991b91894bb719dc82fbb217fb376c36bd4ebf7cdcedf3818ba11250fd6ecb 2.10MB / 5.96MB 408.9s
#12 ...

#10 [pssim 1/2] FROM docker.io/library/golang:1.23-alpine@sha256:383395b794dffa5b53012a212365d40c8e37109a626ca30d6151c8348d380b5f
#10 sha256:d5791340ef181f05ef1e99760e4be81cb2008d99b2bc1e56b2faa9b6295d0ac3 6.29MB / 74.07MB 413.4s
#10 ...

#12 [srh 1/1] FROM docker.io/hiett/serverless-redis-http:latest@sha256:5b0bb9239fce53abf87b2018a7a0deb9ec7bd900c5360738fe5fbeeb426f9150
#12 sha256:be11eda08a582763e8617b5a7e456ea053a3d47554713405ee8c653f41160c44 8.39MB / 47.72MB 413.9s
#12 sha256:0a991b91894bb719dc82fbb217fb376c36bd4ebf7cdcedf3818ba11250fd6ecb 2.10MB / 5.96MB 413.9s
#12 ...

#9 [internal] load build context
#9 transferring context: 15.54MB 417.0s
#9 ...

#12 [srh 1/1] FROM docker.io/hiett/serverless-redis-http:latest@sha256:5b0bb9239fce53abf87b2018a7a0deb9ec7bd900c5360738fe5fbeeb426f9150
#12 sha256:be11eda08a582763e8617b5a7e456ea053a3d47554713405ee8c653f41160c44 8.39MB / 47.72MB 419.0s
#12 sha256:0a991b91894bb719dc82fbb217fb376c36bd4ebf7cdcedf3818ba11250fd6ecb 2.10MB / 5.96MB 419.0s
#12 ...

#10 [pssim 1/2] FROM docker.io/library/golang:1.23-alpine@sha256:383395b794dffa5b53012a212365d40c8e37109a626ca30d6151c8348d380b5f
#10 sha256:d5791340ef181f05ef1e99760e4be81cb2008d99b2bc1e56b2faa9b6295d0ac3 6.29MB / 74.07MB 422.1s
#10 ...

#12 [srh 1/1] FROM docker.io/hiett/serverless-redis-http:latest@sha256:5b0bb9239fce53abf87b2018a7a0deb9ec7bd900c5360738fe5fbeeb426f9150
#12 sha256:be11eda08a582763e8617b5a7e456ea053a3d47554713405ee8c653f41160c44 8.39MB / 47.72MB 424.1s
#12 sha256:0a991b91894bb719dc82fbb217fb376c36bd4ebf7cdcedf3818ba11250fd6ecb 2.10MB / 5.96MB 424.1s
#12 ...

#9 [internal] load build context
#9 transferring context: 17.40MB 427.4s
#9 ...

#12 [srh 1/1] FROM docker.io/hiett/serverless-redis-http:latest@sha256:5b0bb9239fce53abf87b2018a7a0deb9ec7bd900c5360738fe5fbeeb426f9150
#12 sha256:be11eda08a582763e8617b5a7e456ea053a3d47554713405ee8c653f41160c44 8.39MB / 47.72MB 429.2s
#12 sha256:0a991b91894bb719dc82fbb217fb376c36bd4ebf7cdcedf3818ba11250fd6ecb 2.10MB / 5.96MB 429.2s
#12 sha256:0a991b91894bb719dc82fbb217fb376c36bd4ebf7cdcedf3818ba11250fd6ecb 3.15MB / 5.96MB 433.8s
#12 ...

#10 [pssim 1/2] FROM docker.io/library/golang:1.23-alpine@sha256:383395b794dffa5b53012a212365d40c8e37109a626ca30d6151c8348d380b5f
#10 sha256:d5791340ef181f05ef1e99760e4be81cb2008d99b2bc1e56b2faa9b6295d0ac3 6.29MB / 74.07MB 433.8s
#10 ...

#12 [srh 1/1] FROM docker.io/hiett/serverless-redis-http:latest@sha256:5b0bb9239fce53abf87b2018a7a0deb9ec7bd900c5360738fe5fbeeb426f9150
#12 sha256:be11eda08a582763e8617b5a7e456ea053a3d47554713405ee8c653f41160c44 8.39MB / 47.72MB 434.5s
#12 ...

#9 [internal] load build context
#9 transferring context: 17.78MB 437.4s
#9 ...

#12 [srh 1/1] FROM docker.io/hiett/serverless-redis-http:latest@sha256:5b0bb9239fce53abf87b2018a7a0deb9ec7bd900c5360738fe5fbeeb426f9150
#12 sha256:0a991b91894bb719dc82fbb217fb376c36bd4ebf7cdcedf3818ba11250fd6ecb 3.15MB / 5.96MB 438.9s
#12 sha256:be11eda08a582763e8617b5a7e456ea053a3d47554713405ee8c653f41160c44 9.44MB / 47.72MB 439.7s
#12 sha256:0a991b91894bb719dc82fbb217fb376c36bd4ebf7cdcedf3818ba11250fd6ecb 3.15MB / 5.96MB 444.0s
#12 ...

#10 [pssim 1/2] FROM docker.io/library/golang:1.23-alpine@sha256:383395b794dffa5b53012a212365d40c8e37109a626ca30d6151c8348d380b5f
#10 sha256:d5791340ef181f05ef1e99760e4be81cb2008d99b2bc1e56b2faa9b6295d0ac3 6.29MB / 74.07MB 444.2s
#10 ...

#12 [srh 1/1] FROM docker.io/hiett/serverless-redis-http:latest@sha256:5b0bb9239fce53abf87b2018a7a0deb9ec7bd900c5360738fe5fbeeb426f9150
#12 sha256:be11eda08a582763e8617b5a7e456ea053a3d47554713405ee8c653f41160c44 9.44MB / 47.72MB 444.9s
#12 ...

#9 [internal] load build context
#9 transferring context: 19.61MB 445.4s done
#9 DONE 446.0s

#12 [srh 1/1] FROM docker.io/hiett/serverless-redis-http:latest@sha256:5b0bb9239fce53abf87b2018a7a0deb9ec7bd900c5360738fe5fbeeb426f9150
#12 sha256:0a991b91894bb719dc82fbb217fb376c36bd4ebf7cdcedf3818ba11250fd6ecb 3.15MB / 5.96MB 449.0s
#12 sha256:be11eda08a582763e8617b5a7e456ea053a3d47554713405ee8c653f41160c44 9.44MB / 47.72MB 450.0s
#12 sha256:0a991b91894bb719dc82fbb217fb376c36bd4ebf7cdcedf3818ba11250fd6ecb 3.15MB / 5.96MB 454.2s
#12 ...

#10 [pssim 1/2] FROM docker.io/library/golang:1.23-alpine@sha256:383395b794dffa5b53012a212365d40c8e37109a626ca30d6151c8348d380b5f
#10 sha256:d5791340ef181f05ef1e99760e4be81cb2008d99b2bc1e56b2faa9b6295d0ac3 6.29MB / 74.07MB 454.9s
#10 ...

#12 [srh 1/1] FROM docker.io/hiett/serverless-redis-http:latest@sha256:5b0bb9239fce53abf87b2018a7a0deb9ec7bd900c5360738fe5fbeeb426f9150
#12 sha256:be11eda08a582763e8617b5a7e456ea053a3d47554713405ee8c653f41160c44 9.44MB / 47.72MB 456.3s
#12 sha256:0a991b91894bb719dc82fbb217fb376c36bd4ebf7cdcedf3818ba11250fd6ecb 3.15MB / 5.96MB 459.3s
#12 sha256:be11eda08a582763e8617b5a7e456ea053a3d47554713405ee8c653f41160c44 9.44MB / 47.72MB 461.3s
#12 sha256:0a991b91894bb719dc82fbb217fb376c36bd4ebf7cdcedf3818ba11250fd6ecb 3.15MB / 5.96MB 464.3s
#12 ...

#10 [pssim 1/2] FROM docker.io/library/golang:1.23-alpine@sha256:383395b794dffa5b53012a212365d40c8e37109a626ca30d6151c8348d380b5f
#10 sha256:d5791340ef181f05ef1e99760e4be81cb2008d99b2bc1e56b2faa9b6295d0ac3 6.29MB / 74.07MB 465.9s
#10 ...

#12 [srh 1/1] FROM docker.io/hiett/serverless-redis-http:latest@sha256:5b0bb9239fce53abf87b2018a7a0deb9ec7bd900c5360738fe5fbeeb426f9150
#12 sha256:be11eda08a582763e8617b5a7e456ea053a3d47554713405ee8c653f41160c44 10.49MB / 47.72MB 466.3s
#12 sha256:0a991b91894bb719dc82fbb217fb376c36bd4ebf7cdcedf3818ba11250fd6ecb 4.19MB / 5.96MB 469.8s
#12 sha256:be11eda08a582763e8617b5a7e456ea053a3d47554713405ee8c653f41160c44 10.49MB / 47.72MB 471.7s
#12 sha256:0a991b91894bb719dc82fbb217fb376c36bd4ebf7cdcedf3818ba11250fd6ecb 4.19MB / 5.96MB 474.9s
#12 ...

#10 [pssim 1/2] FROM docker.io/library/golang:1.23-alpine@sha256:383395b794dffa5b53012a212365d40c8e37109a626ca30d6151c8348d380b5f
#10 sha256:d5791340ef181f05ef1e99760e4be81cb2008d99b2bc1e56b2faa9b6295d0ac3 7.34MB / 74.07MB 476.2s
#10 ...

#12 [srh 1/1] FROM docker.io/hiett/serverless-redis-http:latest@sha256:5b0bb9239fce53abf87b2018a7a0deb9ec7bd900c5360738fe5fbeeb426f9150
#12 sha256:be11eda08a582763e8617b5a7e456ea053a3d47554713405ee8c653f41160c44 10.49MB / 47.72MB 476.8s
#12 sha256:0a991b91894bb719dc82fbb217fb376c36bd4ebf7cdcedf3818ba11250fd6ecb 4.19MB / 5.96MB 479.9s
#12 sha256:be11eda08a582763e8617b5a7e456ea053a3d47554713405ee8c653f41160c44 10.49MB / 47.72MB 481.8s
#12 sha256:0a991b91894bb719dc82fbb217fb376c36bd4ebf7cdcedf3818ba11250fd6ecb 4.19MB / 5.96MB 485.3s
#12 sha256:be11eda08a582763e8617b5a7e456ea053a3d47554713405ee8c653f41160c44 10.49MB / 47.72MB 486.8s
#12 ...

#10 [pssim 1/2] FROM docker.io/library/golang:1.23-alpine@sha256:383395b794dffa5b53012a212365d40c8e37109a626ca30d6151c8348d380b5f
#10 sha256:d5791340ef181f05ef1e99760e4be81cb2008d99b2bc1e56b2faa9b6295d0ac3 7.34MB / 74.07MB 487.0s
#10 ...

#12 [srh 1/1] FROM docker.io/hiett/serverless-redis-http:latest@sha256:5b0bb9239fce53abf87b2018a7a0deb9ec7bd900c5360738fe5fbeeb426f9150
#12 sha256:0a991b91894bb719dc82fbb217fb376c36bd4ebf7cdcedf3818ba11250fd6ecb 4.19MB / 5.96MB 490.3s
#12 sha256:be11eda08a582763e8617b5a7e456ea053a3d47554713405ee8c653f41160c44 10.49MB / 47.72MB 491.9s
#12 sha256:0a991b91894bb719dc82fbb217fb376c36bd4ebf7cdcedf3818ba11250fd6ecb 4.19MB / 5.96MB 496.3s
#12 sha256:be11eda08a582763e8617b5a7e456ea053a3d47554713405ee8c653f41160c44 11.53MB / 47.72MB 497.0s
#12 ...

#10 [pssim 1/2] FROM docker.io/library/golang:1.23-alpine@sha256:383395b794dffa5b53012a212365d40c8e37109a626ca30d6151c8348d380b5f
#10 sha256:d5791340ef181f05ef1e99760e4be81cb2008d99b2bc1e56b2faa9b6295d0ac3 7.34MB / 74.07MB 497.1s
#10 ...

#12 [srh 1/1] FROM docker.io/hiett/serverless-redis-http:latest@sha256:5b0bb9239fce53abf87b2018a7a0deb9ec7bd900c5360738fe5fbeeb426f9150
#12 sha256:0a991b91894bb719dc82fbb217fb376c36bd4ebf7cdcedf3818ba11250fd6ecb 5.24MB / 5.96MB 500.3s
#12 sha256:be11eda08a582763e8617b5a7e456ea053a3d47554713405ee8c653f41160c44 11.53MB / 47.72MB 502.0s
#12 sha256:0a991b91894bb719dc82fbb217fb376c36bd4ebf7cdcedf3818ba11250fd6ecb 5.24MB / 5.96MB 505.3s
#12 ...

#10 [pssim 1/2] FROM docker.io/library/golang:1.23-alpine@sha256:383395b794dffa5b53012a212365d40c8e37109a626ca30d6151c8348d380b5f
#10 sha256:d5791340ef181f05ef1e99760e4be81cb2008d99b2bc1e56b2faa9b6295d0ac3 8.39MB / 74.07MB 506.9s
#10 ...

#12 [srh 1/1] FROM docker.io/hiett/serverless-redis-http:latest@sha256:5b0bb9239fce53abf87b2018a7a0deb9ec7bd900c5360738fe5fbeeb426f9150
#12 sha256:be11eda08a582763e8617b5a7e456ea053a3d47554713405ee8c653f41160c44 11.53MB / 47.72MB 507.1s
#12 sha256:0a991b91894bb719dc82fbb217fb376c36bd4ebf7cdcedf3818ba11250fd6ecb 5.24MB / 5.96MB 511.0s
#12 sha256:be11eda08a582763e8617b5a7e456ea053a3d47554713405ee8c653f41160c44 11.53MB / 47.72MB 512.6s
#12 sha256:0a991b91894bb719dc82fbb217fb376c36bd4ebf7cdcedf3818ba11250fd6ecb 5.24MB / 5.96MB 516.2s
#12 sha256:be11eda08a582763e8617b5a7e456ea053a3d47554713405ee8c653f41160c44 11.53MB / 47.72MB 517.7s
#12 ...

#10 [pssim 1/2] FROM docker.io/library/golang:1.23-alpine@sha256:383395b794dffa5b53012a212365d40c8e37109a626ca30d6151c8348d380b5f
#10 sha256:d5791340ef181f05ef1e99760e4be81cb2008d99b2bc1e56b2faa9b6295d0ac3 8.39MB / 74.07MB 517.9s
#10 ...

#12 [srh 1/1] FROM docker.io/hiett/serverless-redis-http:latest@sha256:5b0bb9239fce53abf87b2018a7a0deb9ec7bd900c5360738fe5fbeeb426f9150
#12 ...

#13 [builder  2/11] RUN apk add --no-cache libc6-compat openssl git python3 make g++
#13 509.8 ( 9/45) Installing gmp (6.3.0-r4)
#13 516.2 (10/45) Installing isl26 (0.26-r1)
#13 ...

#11 [stage-3  2/11] RUN apk add --no-cache mariadb mariadb-client redis       libstdc++ libgcc ncurses-libs openssl
#11 509.5 ( 5/28) Installing brotli-libs (1.2.0-r0)
#11 ...

#10 [pssim 1/2] FROM docker.io/library/golang:1.23-alpine@sha256:383395b794dffa5b53012a212365d40c8e37109a626ca30d6151c8348d380b5f
#10 sha256:d5791340ef181f05ef1e99760e4be81cb2008d99b2bc1e56b2faa9b6295d0ac3 8.39MB / 74.07MB 523.0s
#10 ...

#12 [srh 1/1] FROM docker.io/hiett/serverless-redis-http:latest@sha256:5b0bb9239fce53abf87b2018a7a0deb9ec7bd900c5360738fe5fbeeb426f9150
#12 sha256:be11eda08a582763e8617b5a7e456ea053a3d47554713405ee8c653f41160c44 11.53MB / 47.72MB 525.1s
#12 sha256:0a991b91894bb719dc82fbb217fb376c36bd4ebf7cdcedf3818ba11250fd6ecb 5.96MB / 5.96MB 523.2s done
#12 sha256:c2dea3ed1bbd393c041ded0b691e9963f1ad311166177cfa7b286302480331a5 0B / 93B 525.1s
#12 ...

#10 [pssim 1/2] FROM docker.io/library/golang:1.23-alpine@sha256:383395b794dffa5b53012a212365d40c8e37109a626ca30d6151c8348d380b5f
#10 sha256:d5791340ef181f05ef1e99760e4be81cb2008d99b2bc1e56b2faa9b6295d0ac3 8.39MB / 74.07MB 528.1s
#10 ...

#12 [srh 1/1] FROM docker.io/hiett/serverless-redis-http:latest@sha256:5b0bb9239fce53abf87b2018a7a0deb9ec7bd900c5360738fe5fbeeb426f9150
#12 sha256:be11eda08a582763e8617b5a7e456ea053a3d47554713405ee8c653f41160c44 12.58MB / 47.72MB 532.5s
#12 sha256:c2dea3ed1bbd393c041ded0b691e9963f1ad311166177cfa7b286302480331a5 0B / 93B 532.5s
#12 ...

#10 [pssim 1/2] FROM docker.io/library/golang:1.23-alpine@sha256:383395b794dffa5b53012a212365d40c8e37109a626ca30d6151c8348d380b5f
#10 ...

#11 [stage-3  2/11] RUN apk add --no-cache mariadb mariadb-client redis       libstdc++ libgcc ncurses-libs openssl
#11 524.3 ( 6/28) Installing c-ares (1.34.8-r0)
#11 527.3 ( 7/28) Installing libunistring (1.4.1-r0)
#11 ...

#10 [pssim 1/2] FROM docker.io/library/golang:1.23-alpine@sha256:383395b794dffa5b53012a212365d40c8e37109a626ca30d6151c8348d380b5f
#10 sha256:d5791340ef181f05ef1e99760e4be81cb2008d99b2bc1e56b2faa9b6295d0ac3 8.39MB / 74.07MB 533.2s
#10 sha256:d5791340ef181f05ef1e99760e4be81cb2008d99b2bc1e56b2faa9b6295d0ac3 9.44MB / 74.07MB 538.3s
#10 ...

#12 [srh 1/1] FROM docker.io/hiett/serverless-redis-http:latest@sha256:5b0bb9239fce53abf87b2018a7a0deb9ec7bd900c5360738fe5fbeeb426f9150
#12 sha256:be11eda08a582763e8617b5a7e456ea053a3d47554713405ee8c653f41160c44 12.58MB / 47.72MB 540.4s
#12 sha256:c2dea3ed1bbd393c041ded0b691e9963f1ad311166177cfa7b286302480331a5 93B / 93B 536.9s done
#12 sha256:4be3240beaf2d024c5a1d5882affaecf6cf7c1edd4833692542634d86ae993f1 0B / 7.47MB 540.4s
#12 sha256:be11eda08a582763e8617b5a7e456ea053a3d47554713405ee8c653f41160c44 12.58MB / 47.72MB 546.7s
#12 sha256:4be3240beaf2d024c5a1d5882affaecf6cf7c1edd4833692542634d86ae993f1 0B / 7.47MB 546.7s
#12 ...

#13 [builder  2/11] RUN apk add --no-cache libc6-compat openssl git python3 make g++
#13 547.7 (11/45) Installing mpfr4 (4.2.2-r0)
#13 ...

#10 [pssim 1/2] FROM docker.io/library/golang:1.23-alpine@sha256:383395b794dffa5b53012a212365d40c8e37109a626ca30d6151c8348d380b5f
#10 sha256:d5791340ef181f05ef1e99760e4be81cb2008d99b2bc1e56b2faa9b6295d0ac3 9.44MB / 74.07MB 550.7s
#10 ...

#12 [srh 1/1] FROM docker.io/hiett/serverless-redis-http:latest@sha256:5b0bb9239fce53abf87b2018a7a0deb9ec7bd900c5360738fe5fbeeb426f9150
#12 sha256:be11eda08a582763e8617b5a7e456ea053a3d47554713405ee8c653f41160c44 12.58MB / 47.72MB 551.8s
#12 sha256:4be3240beaf2d024c5a1d5882affaecf6cf7c1edd4833692542634d86ae993f1 0B / 7.47MB 551.8s
#12 ...

#13 [builder  2/11] RUN apk add --no-cache libc6-compat openssl git python3 make g++
#13 556.1 (12/45) Installing mpc1 (1.3.1-r1)
#13 557.7 (13/45) Installing gcc (15.2.0-r2)
#13 ...

#12 [srh 1/1] FROM docker.io/hiett/serverless-redis-http:latest@sha256:5b0bb9239fce53abf87b2018a7a0deb9ec7bd900c5360738fe5fbeeb426f9150
#12 sha256:be11eda08a582763e8617b5a7e456ea053a3d47554713405ee8c653f41160c44 12.58MB / 47.72MB 560.2s
#12 sha256:4be3240beaf2d024c5a1d5882affaecf6cf7c1edd4833692542634d86ae993f1 0B / 7.47MB 560.2s
#12 ...

#11 [stage-3  2/11] RUN apk add --no-cache mariadb mariadb-client redis       libstdc++ libgcc ncurses-libs openssl
#11 552.0 ( 8/28) Installing libidn2 (2.3.8-r0)
#11 556.8 ( 9/28) Installing nghttp2-libs (1.69.0-r0)
#11 559.6 (10/28) Installing libpsl (0.21.5-r3)
#11 561.7 (11/28) Installing zstd-libs (1.5.7-r2)
#11 ...

#10 [pssim 1/2] FROM docker.io/library/golang:1.23-alpine@sha256:383395b794dffa5b53012a212365d40c8e37109a626ca30d6151c8348d380b5f
#10 sha256:d5791340ef181f05ef1e99760e4be81cb2008d99b2bc1e56b2faa9b6295d0ac3 9.44MB / 74.07MB 561.3s
#10 ...

#12 [srh 1/1] FROM docker.io/hiett/serverless-redis-http:latest@sha256:5b0bb9239fce53abf87b2018a7a0deb9ec7bd900c5360738fe5fbeeb426f9150
#12 sha256:be11eda08a582763e8617b5a7e456ea053a3d47554713405ee8c653f41160c44 12.58MB / 47.72MB 565.2s
#12 sha256:4be3240beaf2d024c5a1d5882affaecf6cf7c1edd4833692542634d86ae993f1 0B / 7.47MB 565.2s
#12 sha256:be11eda08a582763e8617b5a7e456ea053a3d47554713405ee8c653f41160c44 12.58MB / 47.72MB 570.4s
#12 sha256:4be3240beaf2d024c5a1d5882affaecf6cf7c1edd4833692542634d86ae993f1 0B / 7.47MB 570.4s
#12 ...

#10 [pssim 1/2] FROM docker.io/library/golang:1.23-alpine@sha256:383395b794dffa5b53012a212365d40c8e37109a626ca30d6151c8348d380b5f
#10 sha256:d5791340ef181f05ef1e99760e4be81cb2008d99b2bc1e56b2faa9b6295d0ac3 10.49MB / 74.07MB 571.0s
#10 ...

#12 [srh 1/1] FROM docker.io/hiett/serverless-redis-http:latest@sha256:5b0bb9239fce53abf87b2018a7a0deb9ec7bd900c5360738fe5fbeeb426f9150
#12 sha256:be11eda08a582763e8617b5a7e456ea053a3d47554713405ee8c653f41160c44 12.58MB / 47.72MB 575.7s
#12 sha256:4be3240beaf2d024c5a1d5882affaecf6cf7c1edd4833692542634d86ae993f1 0B / 7.47MB 575.7s
#12 ...

#11 [stage-3  2/11] RUN apk add --no-cache mariadb mariadb-client redis       libstdc++ libgcc ncurses-libs openssl
#11 580.5 (12/28) Installing libcurl (8.20.0-r0)
#11 ...

#10 [pssim 1/2] FROM docker.io/library/golang:1.23-alpine@sha256:383395b794dffa5b53012a212365d40c8e37109a626ca30d6151c8348d380b5f
#10 sha256:d5791340ef181f05ef1e99760e4be81cb2008d99b2bc1e56b2faa9b6295d0ac3 10.49MB / 74.07MB 582.6s
#10 ...

#12 [srh 1/1] FROM docker.io/hiett/serverless-redis-http:latest@sha256:5b0bb9239fce53abf87b2018a7a0deb9ec7bd900c5360738fe5fbeeb426f9150
#12 sha256:be11eda08a582763e8617b5a7e456ea053a3d47554713405ee8c653f41160c44 12.58MB / 47.72MB 582.7s
#12 sha256:4be3240beaf2d024c5a1d5882affaecf6cf7c1edd4833692542634d86ae993f1 1.05MB / 7.47MB 582.7s
#12 sha256:be11eda08a582763e8617b5a7e456ea053a3d47554713405ee8c653f41160c44 12.58MB / 47.72MB 587.8s
#12 sha256:4be3240beaf2d024c5a1d5882affaecf6cf7c1edd4833692542634d86ae993f1 1.05MB / 7.47MB 587.8s
#12 ...

#10 [pssim 1/2] FROM docker.io/library/golang:1.23-alpine@sha256:383395b794dffa5b53012a212365d40c8e37109a626ca30d6151c8348d380b5f
#10 sha256:d5791340ef181f05ef1e99760e4be81cb2008d99b2bc1e56b2faa9b6295d0ac3 10.49MB / 74.07MB 592.6s
#10 ...

#12 [srh 1/1] FROM docker.io/hiett/serverless-redis-http:latest@sha256:5b0bb9239fce53abf87b2018a7a0deb9ec7bd900c5360738fe5fbeeb426f9150
#12 sha256:be11eda08a582763e8617b5a7e456ea053a3d47554713405ee8c653f41160c44 12.58MB / 47.72MB 592.9s
#12 sha256:4be3240beaf2d024c5a1d5882affaecf6cf7c1edd4833692542634d86ae993f1 1.05MB / 7.47MB 592.9s
#12 sha256:be11eda08a582763e8617b5a7e456ea053a3d47554713405ee8c653f41160c44 12.58MB / 47.72MB 598.0s
#12 sha256:4be3240beaf2d024c5a1d5882affaecf6cf7c1edd4833692542634d86ae993f1 1.05MB / 7.47MB 598.0s
#12 ...

#11 [stage-3  2/11] RUN apk add --no-cache mariadb mariadb-client redis       libstdc++ libgcc ncurses-libs openssl
#11 593.5 (13/28) Installing xz-libs (5.8.3-r0)
#11 597.8 (14/28) Installing ncurses-terminfo-base (6.5_p20251123-r0)
#11 598.6 (15/28) Installing libncursesw (6.5_p20251123-r0)
#11 ...

#12 [srh 1/1] FROM docker.io/hiett/serverless-redis-http:latest@sha256:5b0bb9239fce53abf87b2018a7a0deb9ec7bd900c5360738fe5fbeeb426f9150
#12 ...

#10 [pssim 1/2] FROM docker.io/library/golang:1.23-alpine@sha256:383395b794dffa5b53012a212365d40c8e37109a626ca30d6151c8348d380b5f
#10 sha256:d5791340ef181f05ef1e99760e4be81cb2008d99b2bc1e56b2faa9b6295d0ac3 10.49MB / 74.07MB 602.5s
#10 ...

#12 [srh 1/1] FROM docker.io/hiett/serverless-redis-http:latest@sha256:5b0bb9239fce53abf87b2018a7a0deb9ec7bd900c5360738fe5fbeeb426f9150
#12 sha256:be11eda08a582763e8617b5a7e456ea053a3d47554713405ee8c653f41160c44 12.58MB / 47.72MB 603.0s
#12 sha256:4be3240beaf2d024c5a1d5882affaecf6cf7c1edd4833692542634d86ae993f1 1.05MB / 7.47MB 603.0s
#12 sha256:be11eda08a582763e8617b5a7e456ea053a3d47554713405ee8c653f41160c44 12.58MB / 47.72MB 608.1s
#12 sha256:4be3240beaf2d024c5a1d5882affaecf6cf7c1edd4833692542634d86ae993f1 1.05MB / 7.47MB 608.1s
#12 sha256:be11eda08a582763e8617b5a7e456ea053a3d47554713405ee8c653f41160c44 12.58MB / 47.72MB 613.2s
#12 sha256:4be3240beaf2d024c5a1d5882affaecf6cf7c1edd4833692542634d86ae993f1 1.05MB / 7.47MB 613.2s
#12 ...

#10 [pssim 1/2] FROM docker.io/library/golang:1.23-alpine@sha256:383395b794dffa5b53012a212365d40c8e37109a626ca30d6151c8348d380b5f
#10 sha256:d5791340ef181f05ef1e99760e4be81cb2008d99b2bc1e56b2faa9b6295d0ac3 10.49MB / 74.07MB 613.3s
#10 ...

#12 [srh 1/1] FROM docker.io/hiett/serverless-redis-http:latest@sha256:5b0bb9239fce53abf87b2018a7a0deb9ec7bd900c5360738fe5fbeeb426f9150
#12 ...

#11 [stage-3  2/11] RUN apk add --no-cache mariadb mariadb-client redis       libstdc++ libgcc ncurses-libs openssl
#11 607.0 (16/28) Installing skalibs-libs (2.14.4.0-r0)
#11 611.5 (17/28) Installing utmps-libs (0.1.3.1-r0)
#11 613.3 (18/28) Installing linux-pam (1.7.1-r2)
#11 ...

#12 [srh 1/1] FROM docker.io/hiett/serverless-redis-http:latest@sha256:5b0bb9239fce53abf87b2018a7a0deb9ec7bd900c5360738fe5fbeeb426f9150
#12 sha256:4be3240beaf2d024c5a1d5882affaecf6cf7c1edd4833692542634d86ae993f1 2.10MB / 7.47MB 617.9s
#12 sha256:be11eda08a582763e8617b5a7e456ea053a3d47554713405ee8c653f41160c44 12.58MB / 47.72MB 618.2s
#12 ...

#10 [pssim 1/2] FROM docker.io/library/golang:1.23-alpine@sha256:383395b794dffa5b53012a212365d40c8e37109a626ca30d6151c8348d380b5f
#10 sha256:d5791340ef181f05ef1e99760e4be81cb2008d99b2bc1e56b2faa9b6295d0ac3 10.49MB / 74.07MB 622.8s
#10 ...

#12 [srh 1/1] FROM docker.io/hiett/serverless-redis-http:latest@sha256:5b0bb9239fce53abf87b2018a7a0deb9ec7bd900c5360738fe5fbeeb426f9150
#12 sha256:4be3240beaf2d024c5a1d5882affaecf6cf7c1edd4833692542634d86ae993f1 2.10MB / 7.47MB 623.3s
#12 sha256:be11eda08a582763e8617b5a7e456ea053a3d47554713405ee8c653f41160c44 0B / 47.72MB 624.6s
#12 sha256:4be3240beaf2d024c5a1d5882affaecf6cf7c1edd4833692542634d86ae993f1 2.10MB / 7.47MB 628.3s
#12 sha256:be11eda08a582763e8617b5a7e456ea053a3d47554713405ee8c653f41160c44 0B / 47.72MB 629.6s
#12 ...

#11 [stage-3  2/11] RUN apk add --no-cache mariadb mariadb-client redis       libstdc++ libgcc ncurses-libs openssl
#11 622.8 (19/28) Installing pcre2 (10.47-r0)
#11 ...

#12 [srh 1/1] FROM docker.io/hiett/serverless-redis-http:latest@sha256:5b0bb9239fce53abf87b2018a7a0deb9ec7bd900c5360738fe5fbeeb426f9150
#12 ...

#10 [pssim 1/2] FROM docker.io/library/golang:1.23-alpine@sha256:383395b794dffa5b53012a212365d40c8e37109a626ca30d6151c8348d380b5f
#10 sha256:d5791340ef181f05ef1e99760e4be81cb2008d99b2bc1e56b2faa9b6295d0ac3 10.49MB / 74.07MB 633.3s
#10 ...

#12 [srh 1/1] FROM docker.io/hiett/serverless-redis-http:latest@sha256:5b0bb9239fce53abf87b2018a7a0deb9ec7bd900c5360738fe5fbeeb426f9150
#12 sha256:4be3240beaf2d024c5a1d5882affaecf6cf7c1edd4833692542634d86ae993f1 2.10MB / 7.47MB 633.4s
#12 sha256:be11eda08a582763e8617b5a7e456ea053a3d47554713405ee8c653f41160c44 0B / 47.72MB 635.5s
#12 sha256:4be3240beaf2d024c5a1d5882affaecf6cf7c1edd4833692542634d86ae993f1 2.10MB / 7.47MB 638.5s
#12 sha256:be11eda08a582763e8617b5a7e456ea053a3d47554713405ee8c653f41160c44 0B / 47.72MB 640.9s
#12 sha256:4be3240beaf2d024c5a1d5882affaecf6cf7c1edd4833692542634d86ae993f1 2.10MB / 7.47MB 643.6s
#12 ...

#10 [pssim 1/2] FROM docker.io/library/golang:1.23-alpine@sha256:383395b794dffa5b53012a212365d40c8e37109a626ca30d6151c8348d380b5f
#10 sha256:d5791340ef181f05ef1e99760e4be81cb2008d99b2bc1e56b2faa9b6295d0ac3 10.49MB / 74.07MB 644.5s
#10 ...

#12 [srh 1/1] FROM docker.io/hiett/serverless-redis-http:latest@sha256:5b0bb9239fce53abf87b2018a7a0deb9ec7bd900c5360738fe5fbeeb426f9150
#12 ...

#11 [stage-3  2/11] RUN apk add --no-cache mariadb mariadb-client redis       libstdc++ libgcc ncurses-libs openssl
#11 636.7 (20/28) Installing libxml2 (2.13.9-r1)
#11 ...

#10 [pssim 1/2] FROM docker.io/library/golang:1.23-alpine@sha256:383395b794dffa5b53012a212365d40c8e37109a626ca30d6151c8348d380b5f
#10 sha256:d5791340ef181f05ef1e99760e4be81cb2008d99b2bc1e56b2faa9b6295d0ac3 10.49MB / 74.07MB 649.7s
#10 ...

#12 [srh 1/1] FROM docker.io/hiett/serverless-redis-http:latest@sha256:5b0bb9239fce53abf87b2018a7a0deb9ec7bd900c5360738fe5fbeeb426f9150
#12 sha256:be11eda08a582763e8617b5a7e456ea053a3d47554713405ee8c653f41160c44 0B / 47.72MB 652.0s
#12 sha256:4be3240beaf2d024c5a1d5882affaecf6cf7c1edd4833692542634d86ae993f1 2.10MB / 7.47MB 652.0s
#12 ...

#11 [stage-3  2/11] RUN apk add --no-cache mariadb mariadb-client redis       libstdc++ libgcc ncurses-libs openssl
#11 654.2 (21/28) Installing mariadb (11.4.12-r0)
#11 ...

#12 [srh 1/1] FROM docker.io/hiett/serverless-redis-http:latest@sha256:5b0bb9239fce53abf87b2018a7a0deb9ec7bd900c5360738fe5fbeeb426f9150
#12 sha256:be11eda08a582763e8617b5a7e456ea053a3d47554713405ee8c653f41160c44 0B / 47.72MB 658.2s
#12 sha256:4be3240beaf2d024c5a1d5882affaecf6cf7c1edd4833692542634d86ae993f1 3.15MB / 7.47MB 658.2s
#12 ...

#10 [pssim 1/2] FROM docker.io/library/golang:1.23-alpine@sha256:383395b794dffa5b53012a212365d40c8e37109a626ca30d6151c8348d380b5f
#10 sha256:d5791340ef181f05ef1e99760e4be81cb2008d99b2bc1e56b2faa9b6295d0ac3 10.49MB / 74.07MB 661.0s
#10 sha256:d5791340ef181f05ef1e99760e4be81cb2008d99b2bc1e56b2faa9b6295d0ac3 10.49MB / 74.07MB 666.1s
#10 ...

#12 [srh 1/1] FROM docker.io/hiett/serverless-redis-http:latest@sha256:5b0bb9239fce53abf87b2018a7a0deb9ec7bd900c5360738fe5fbeeb426f9150
#12 sha256:be11eda08a582763e8617b5a7e456ea053a3d47554713405ee8c653f41160c44 0B / 47.72MB 666.0s
#12 sha256:4be3240beaf2d024c5a1d5882affaecf6cf7c1edd4833692542634d86ae993f1 3.15MB / 7.47MB 666.0s
#12 sha256:be11eda08a582763e8617b5a7e456ea053a3d47554713405ee8c653f41160c44 1.05MB / 47.72MB 671.0s
#12 sha256:4be3240beaf2d024c5a1d5882affaecf6cf7c1edd4833692542634d86ae993f1 3.15MB / 7.47MB 671.0s
#12 sha256:be11eda08a582763e8617b5a7e456ea053a3d47554713405ee8c653f41160c44 1.05MB / 47.72MB 676.0s
#12 sha256:4be3240beaf2d024c5a1d5882affaecf6cf7c1edd4833692542634d86ae993f1 3.15MB / 7.47MB 676.0s
#12 ...

#11 [stage-3  2/11] RUN apk add --no-cache mariadb mariadb-client redis       libstdc++ libgcc ncurses-libs openssl
#11 662.1   Executing mariadb-11.4.12-r0.pre-install
#11 ...

#12 [srh 1/1] FROM docker.io/hiett/serverless-redis-http:latest@sha256:5b0bb9239fce53abf87b2018a7a0deb9ec7bd900c5360738fe5fbeeb426f9150
#12 ...

#10 [pssim 1/2] FROM docker.io/library/golang:1.23-alpine@sha256:383395b794dffa5b53012a212365d40c8e37109a626ca30d6151c8348d380b5f
#10 sha256:d5791340ef181f05ef1e99760e4be81cb2008d99b2bc1e56b2faa9b6295d0ac3 10.49MB / 74.07MB 676.6s
#10 ...

#12 [srh 1/1] FROM docker.io/hiett/serverless-redis-http:latest@sha256:5b0bb9239fce53abf87b2018a7a0deb9ec7bd900c5360738fe5fbeeb426f9150
#12 sha256:be11eda08a582763e8617b5a7e456ea053a3d47554713405ee8c653f41160c44 1.05MB / 47.72MB 681.1s
#12 sha256:4be3240beaf2d024c5a1d5882affaecf6cf7c1edd4833692542634d86ae993f1 3.15MB / 7.47MB 681.1s
#12 sha256:be11eda08a582763e8617b5a7e456ea053a3d47554713405ee8c653f41160c44 1.05MB / 47.72MB 686.3s
#12 sha256:4be3240beaf2d024c5a1d5882affaecf6cf7c1edd4833692542634d86ae993f1 3.15MB / 7.47MB 686.3s
#12 ...

#10 [pssim 1/2] FROM docker.io/library/golang:1.23-alpine@sha256:383395b794dffa5b53012a212365d40c8e37109a626ca30d6151c8348d380b5f
#10 sha256:d5791340ef181f05ef1e99760e4be81cb2008d99b2bc1e56b2faa9b6295d0ac3 10.49MB / 74.07MB 686.5s
#10 ...

#12 [srh 1/1] FROM docker.io/hiett/serverless-redis-http:latest@sha256:5b0bb9239fce53abf87b2018a7a0deb9ec7bd900c5360738fe5fbeeb426f9150
#12 sha256:4be3240beaf2d024c5a1d5882affaecf6cf7c1edd4833692542634d86ae993f1 4.19MB / 7.47MB 687.1s
#12 sha256:be11eda08a582763e8617b5a7e456ea053a3d47554713405ee8c653f41160c44 1.05MB / 47.72MB 691.4s
#12 sha256:4be3240beaf2d024c5a1d5882affaecf6cf7c1edd4833692542634d86ae993f1 4.19MB / 7.47MB 692.2s
#12 sha256:be11eda08a582763e8617b5a7e456ea053a3d47554713405ee8c653f41160c44 1.05MB / 47.72MB 696.4s
#12 ...

#10 [pssim 1/2] FROM docker.io/library/golang:1.23-alpine@sha256:383395b794dffa5b53012a212365d40c8e37109a626ca30d6151c8348d380b5f
#10 sha256:d5791340ef181f05ef1e99760e4be81cb2008d99b2bc1e56b2faa9b6295d0ac3 10.49MB / 74.07MB 696.5s
#10 ...

#12 [srh 1/1] FROM docker.io/hiett/serverless-redis-http:latest@sha256:5b0bb9239fce53abf87b2018a7a0deb9ec7bd900c5360738fe5fbeeb426f9150
#12 sha256:4be3240beaf2d024c5a1d5882affaecf6cf7c1edd4833692542634d86ae993f1 4.19MB / 7.47MB 697.3s
#12 sha256:be11eda08a582763e8617b5a7e456ea053a3d47554713405ee8c653f41160c44 1.05MB / 47.72MB 701.5s
#12 sha256:4be3240beaf2d024c5a1d5882affaecf6cf7c1edd4833692542634d86ae993f1 4.19MB / 7.47MB 702.6s
#12 ...

#10 [pssim 1/2] FROM docker.io/library/golang:1.23-alpine@sha256:383395b794dffa5b53012a212365d40c8e37109a626ca30d6151c8348d380b5f
#10 sha256:d5791340ef181f05ef1e99760e4be81cb2008d99b2bc1e56b2faa9b6295d0ac3 10.49MB / 74.07MB 705.1s
#10 ...

#12 [srh 1/1] FROM docker.io/hiett/serverless-redis-http:latest@sha256:5b0bb9239fce53abf87b2018a7a0deb9ec7bd900c5360738fe5fbeeb426f9150
#12 sha256:be11eda08a582763e8617b5a7e456ea053a3d47554713405ee8c653f41160c44 1.05MB / 47.72MB 708.4s
#12 sha256:4be3240beaf2d024c5a1d5882affaecf6cf7c1edd4833692542634d86ae993f1 4.19MB / 7.47MB 708.4s
#12 sha256:be11eda08a582763e8617b5a7e456ea053a3d47554713405ee8c653f41160c44 2.10MB / 47.72MB 713.4s
#12 sha256:4be3240beaf2d024c5a1d5882affaecf6cf7c1edd4833692542634d86ae993f1 4.19MB / 7.47MB 713.4s
#12 ...

#10 [pssim 1/2] FROM docker.io/library/golang:1.23-alpine@sha256:383395b794dffa5b53012a212365d40c8e37109a626ca30d6151c8348d380b5f
#10 sha256:d5791340ef181f05ef1e99760e4be81cb2008d99b2bc1e56b2faa9b6295d0ac3 11.53MB / 74.07MB 718.0s
#10 ...

#12 [srh 1/1] FROM docker.io/hiett/serverless-redis-http:latest@sha256:5b0bb9239fce53abf87b2018a7a0deb9ec7bd900c5360738fe5fbeeb426f9150
#12 sha256:be11eda08a582763e8617b5a7e456ea053a3d47554713405ee8c653f41160c44 2.10MB / 47.72MB 719.0s
#12 sha256:4be3240beaf2d024c5a1d5882affaecf6cf7c1edd4833692542634d86ae993f1 4.19MB / 7.47MB 719.0s
#12 sha256:be11eda08a582763e8617b5a7e456ea053a3d47554713405ee8c653f41160c44 2.10MB / 47.72MB 724.1s
#12 sha256:4be3240beaf2d024c5a1d5882affaecf6cf7c1edd4833692542634d86ae993f1 4.19MB / 7.47MB 724.1s
#12 ...

#10 [pssim 1/2] FROM docker.io/library/golang:1.23-alpine@sha256:383395b794dffa5b53012a212365d40c8e37109a626ca30d6151c8348d380b5f
#10 sha256:d5791340ef181f05ef1e99760e4be81cb2008d99b2bc1e56b2faa9b6295d0ac3 11.53MB / 74.07MB 728.2s
#10 ...

#12 [srh 1/1] FROM docker.io/hiett/serverless-redis-http:latest@sha256:5b0bb9239fce53abf87b2018a7a0deb9ec7bd900c5360738fe5fbeeb426f9150
#12 sha256:be11eda08a582763e8617b5a7e456ea053a3d47554713405ee8c653f41160c44 2.10MB / 47.72MB 731.0s
#12 sha256:4be3240beaf2d024c5a1d5882affaecf6cf7c1edd4833692542634d86ae993f1 4.19MB / 7.47MB 731.0s
#12 sha256:be11eda08a582763e8617b5a7e456ea053a3d47554713405ee8c653f41160c44 2.10MB / 47.72MB 736.3s
#12 sha256:4be3240beaf2d024c5a1d5882affaecf6cf7c1edd4833692542634d86ae993f1 4.19MB / 7.47MB 736.3s
#12 ...

#10 [pssim 1/2] FROM docker.io/library/golang:1.23-alpine@sha256:383395b794dffa5b53012a212365d40c8e37109a626ca30d6151c8348d380b5f
#10 sha256:d5791340ef181f05ef1e99760e4be81cb2008d99b2bc1e56b2faa9b6295d0ac3 11.53MB / 74.07MB 741.2s
#10 ...

#12 [srh 1/1] FROM docker.io/hiett/serverless-redis-http:latest@sha256:5b0bb9239fce53abf87b2018a7a0deb9ec7bd900c5360738fe5fbeeb426f9150
#12 sha256:be11eda08a582763e8617b5a7e456ea053a3d47554713405ee8c653f41160c44 2.10MB / 47.72MB 741.4s
#12 sha256:4be3240beaf2d024c5a1d5882affaecf6cf7c1edd4833692542634d86ae993f1 4.19MB / 7.47MB 741.4s
#12 sha256:be11eda08a582763e8617b5a7e456ea053a3d47554713405ee8c653f41160c44 3.15MB / 47.72MB 746.6s
#12 sha256:4be3240beaf2d024c5a1d5882affaecf6cf7c1edd4833692542634d86ae993f1 4.19MB / 7.47MB 746.6s
#12 sha256:be11eda08a582763e8617b5a7e456ea053a3d47554713405ee8c653f41160c44 3.15MB / 47.72MB 752.3s
#12 sha256:4be3240beaf2d024c5a1d5882affaecf6cf7c1edd4833692542634d86ae993f1 4.19MB / 7.47MB 752.3s
#12 ...

#10 [pssim 1/2] FROM docker.io/library/golang:1.23-alpine@sha256:383395b794dffa5b53012a212365d40c8e37109a626ca30d6151c8348d380b5f
#10 sha256:d5791340ef181f05ef1e99760e4be81cb2008d99b2bc1e56b2faa9b6295d0ac3 11.53MB / 74.07MB 752.9s
#10 ...

#12 [srh 1/1] FROM docker.io/hiett/serverless-redis-http:latest@sha256:5b0bb9239fce53abf87b2018a7a0deb9ec7bd900c5360738fe5fbeeb426f9150
#12 sha256:be11eda08a582763e8617b5a7e456ea053a3d47554713405ee8c653f41160c44 3.15MB / 47.72MB 757.6s
#12 sha256:4be3240beaf2d024c5a1d5882affaecf6cf7c1edd4833692542634d86ae993f1 4.19MB / 7.47MB 757.6s
#12 sha256:be11eda08a582763e8617b5a7e456ea053a3d47554713405ee8c653f41160c44 3.15MB / 47.72MB 763.0s
#12 sha256:4be3240beaf2d024c5a1d5882affaecf6cf7c1edd4833692542634d86ae993f1 4.19MB / 7.47MB 763.0s
#12 ...

#10 [pssim 1/2] FROM docker.io/library/golang:1.23-alpine@sha256:383395b794dffa5b53012a212365d40c8e37109a626ca30d6151c8348d380b5f
#10 sha256:d5791340ef181f05ef1e99760e4be81cb2008d99b2bc1e56b2faa9b6295d0ac3 12.58MB / 74.07MB 764.5s
#10 ...

#12 [srh 1/1] FROM docker.io/hiett/serverless-redis-http:latest@sha256:5b0bb9239fce53abf87b2018a7a0deb9ec7bd900c5360738fe5fbeeb426f9150
#12 sha256:be11eda08a582763e8617b5a7e456ea053a3d47554713405ee8c653f41160c44 3.15MB / 47.72MB 768.0s
#12 sha256:4be3240beaf2d024c5a1d5882affaecf6cf7c1edd4833692542634d86ae993f1 4.19MB / 7.47MB 768.0s
#12 sha256:be11eda08a582763e8617b5a7e456ea053a3d47554713405ee8c653f41160c44 3.15MB / 47.72MB 773.0s
#12 sha256:4be3240beaf2d024c5a1d5882affaecf6cf7c1edd4833692542634d86ae993f1 4.19MB / 7.47MB 773.0s
#12 ...

#10 [pssim 1/2] FROM docker.io/library/golang:1.23-alpine@sha256:383395b794dffa5b53012a212365d40c8e37109a626ca30d6151c8348d380b5f
#10 sha256:d5791340ef181f05ef1e99760e4be81cb2008d99b2bc1e56b2faa9b6295d0ac3 12.58MB / 74.07MB 774.5s
#10 ...

#12 [srh 1/1] FROM docker.io/hiett/serverless-redis-http:latest@sha256:5b0bb9239fce53abf87b2018a7a0deb9ec7bd900c5360738fe5fbeeb426f9150
#12 sha256:be11eda08a582763e8617b5a7e456ea053a3d47554713405ee8c653f41160c44 3.15MB / 47.72MB 778.2s
#12 sha256:4be3240beaf2d024c5a1d5882affaecf6cf7c1edd4833692542634d86ae993f1 4.19MB / 7.47MB 778.2s
#12 sha256:be11eda08a582763e8617b5a7e456ea053a3d47554713405ee8c653f41160c44 3.15MB / 47.72MB 783.3s
#12 sha256:4be3240beaf2d024c5a1d5882affaecf6cf7c1edd4833692542634d86ae993f1 4.19MB / 7.47MB 783.3s
#12 ...

#10 [pssim 1/2] FROM docker.io/library/golang:1.23-alpine@sha256:383395b794dffa5b53012a212365d40c8e37109a626ca30d6151c8348d380b5f
#10 sha256:d5791340ef181f05ef1e99760e4be81cb2008d99b2bc1e56b2faa9b6295d0ac3 12.58MB / 74.07MB 785.1s
#10 ...

#12 [srh 1/1] FROM docker.io/hiett/serverless-redis-http:latest@sha256:5b0bb9239fce53abf87b2018a7a0deb9ec7bd900c5360738fe5fbeeb426f9150
#12 sha256:be11eda08a582763e8617b5a7e456ea053a3d47554713405ee8c653f41160c44 3.15MB / 47.72MB 788.3s
#12 sha256:4be3240beaf2d024c5a1d5882affaecf6cf7c1edd4833692542634d86ae993f1 4.19MB / 7.47MB 788.3s
#12 sha256:be11eda08a582763e8617b5a7e456ea053a3d47554713405ee8c653f41160c44 3.15MB / 47.72MB 793.4s
#12 sha256:4be3240beaf2d024c5a1d5882affaecf6cf7c1edd4833692542634d86ae993f1 4.19MB / 7.47MB 793.4s
#12 ...

#10 [pssim 1/2] FROM docker.io/library/golang:1.23-alpine@sha256:383395b794dffa5b53012a212365d40c8e37109a626ca30d6151c8348d380b5f
#10 sha256:d5791340ef181f05ef1e99760e4be81cb2008d99b2bc1e56b2faa9b6295d0ac3 13.63MB / 74.07MB 796.2s
#10 ...

#12 [srh 1/1] FROM docker.io/hiett/serverless-redis-http:latest@sha256:5b0bb9239fce53abf87b2018a7a0deb9ec7bd900c5360738fe5fbeeb426f9150
#12 sha256:be11eda08a582763e8617b5a7e456ea053a3d47554713405ee8c653f41160c44 3.15MB / 47.72MB 799.1s
#12 sha256:4be3240beaf2d024c5a1d5882affaecf6cf7c1edd4833692542634d86ae993f1 4.19MB / 7.47MB 799.1s
#12 sha256:be11eda08a582763e8617b5a7e456ea053a3d47554713405ee8c653f41160c44 3.15MB / 47.72MB 804.4s
#12 sha256:4be3240beaf2d024c5a1d5882affaecf6cf7c1edd4833692542634d86ae993f1 4.19MB / 7.47MB 804.4s
#12 ...

#10 [pssim 1/2] FROM docker.io/library/golang:1.23-alpine@sha256:383395b794dffa5b53012a212365d40c8e37109a626ca30d6151c8348d380b5f
#10 sha256:d5791340ef181f05ef1e99760e4be81cb2008d99b2bc1e56b2faa9b6295d0ac3 13.63MB / 74.07MB 807.4s
#10 ...

#12 [srh 1/1] FROM docker.io/hiett/serverless-redis-http:latest@sha256:5b0bb9239fce53abf87b2018a7a0deb9ec7bd900c5360738fe5fbeeb426f9150
#12 sha256:be11eda08a582763e8617b5a7e456ea053a3d47554713405ee8c653f41160c44 3.15MB / 47.72MB 811.2s
#12 sha256:4be3240beaf2d024c5a1d5882affaecf6cf7c1edd4833692542634d86ae993f1 4.19MB / 7.47MB 811.2s
#12 sha256:be11eda08a582763e8617b5a7e456ea053a3d47554713405ee8c653f41160c44 3.15MB / 47.72MB 816.2s
#12 sha256:4be3240beaf2d024c5a1d5882affaecf6cf7c1edd4833692542634d86ae993f1 4.19MB / 7.47MB 816.2s
#12 ...

#10 [pssim 1/2] FROM docker.io/library/golang:1.23-alpine@sha256:383395b794dffa5b53012a212365d40c8e37109a626ca30d6151c8348d380b5f
#10 sha256:d5791340ef181f05ef1e99760e4be81cb2008d99b2bc1e56b2faa9b6295d0ac3 13.63MB / 74.07MB 819.0s
#10 ...

#12 [srh 1/1] FROM docker.io/hiett/serverless-redis-http:latest@sha256:5b0bb9239fce53abf87b2018a7a0deb9ec7bd900c5360738fe5fbeeb426f9150
#12 sha256:be11eda08a582763e8617b5a7e456ea053a3d47554713405ee8c653f41160c44 3.15MB / 47.72MB 821.4s
#12 sha256:4be3240beaf2d024c5a1d5882affaecf6cf7c1edd4833692542634d86ae993f1 4.19MB / 7.47MB 821.4s
#12 sha256:be11eda08a582763e8617b5a7e456ea053a3d47554713405ee8c653f41160c44 3.15MB / 47.72MB 826.5s
#12 sha256:4be3240beaf2d024c5a1d5882affaecf6cf7c1edd4833692542634d86ae993f1 4.19MB / 7.47MB 826.5s
#12 ...

#10 [pssim 1/2] FROM docker.io/library/golang:1.23-alpine@sha256:383395b794dffa5b53012a212365d40c8e37109a626ca30d6151c8348d380b5f
#10 sha256:d5791340ef181f05ef1e99760e4be81cb2008d99b2bc1e56b2faa9b6295d0ac3 13.63MB / 74.07MB 829.3s
#10 ...

#12 [srh 1/1] FROM docker.io/hiett/serverless-redis-http:latest@sha256:5b0bb9239fce53abf87b2018a7a0deb9ec7bd900c5360738fe5fbeeb426f9150
#12 sha256:be11eda08a582763e8617b5a7e456ea053a3d47554713405ee8c653f41160c44 3.15MB / 47.72MB 831.9s
#12 sha256:4be3240beaf2d024c5a1d5882affaecf6cf7c1edd4833692542634d86ae993f1 4.19MB / 7.47MB 831.9s
#12 sha256:be11eda08a582763e8617b5a7e456ea053a3d47554713405ee8c653f41160c44 3.15MB / 47.72MB 837.3s
#12 sha256:4be3240beaf2d024c5a1d5882affaecf6cf7c1edd4833692542634d86ae993f1 4.19MB / 7.47MB 837.3s
#12 ...

#10 [pssim 1/2] FROM docker.io/library/golang:1.23-alpine@sha256:383395b794dffa5b53012a212365d40c8e37109a626ca30d6151c8348d380b5f
#10 sha256:d5791340ef181f05ef1e99760e4be81cb2008d99b2bc1e56b2faa9b6295d0ac3 14.68MB / 74.07MB 840.6s
#10 ...

#12 [srh 1/1] FROM docker.io/hiett/serverless-redis-http:latest@sha256:5b0bb9239fce53abf87b2018a7a0deb9ec7bd900c5360738fe5fbeeb426f9150
#12 sha256:be11eda08a582763e8617b5a7e456ea053a3d47554713405ee8c653f41160c44 3.15MB / 47.72MB 843.0s
#12 sha256:4be3240beaf2d024c5a1d5882affaecf6cf7c1edd4833692542634d86ae993f1 4.19MB / 7.47MB 843.0s
#12 sha256:be11eda08a582763e8617b5a7e456ea053a3d47554713405ee8c653f41160c44 3.15MB / 47.72MB 848.1s
#12 sha256:4be3240beaf2d024c5a1d5882affaecf6cf7c1edd4833692542634d86ae993f1 0B / 7.47MB 848.6s
#12 ...

#10 [pssim 1/2] FROM docker.io/library/golang:1.23-alpine@sha256:383395b794dffa5b53012a212365d40c8e37109a626ca30d6151c8348d380b5f
#10 sha256:d5791340ef181f05ef1e99760e4be81cb2008d99b2bc1e56b2faa9b6295d0ac3 14.68MB / 74.07MB 851.8s
#10 ...

#12 [srh 1/1] FROM docker.io/hiett/serverless-redis-http:latest@sha256:5b0bb9239fce53abf87b2018a7a0deb9ec7bd900c5360738fe5fbeeb426f9150
#12 sha256:be11eda08a582763e8617b5a7e456ea053a3d47554713405ee8c653f41160c44 3.15MB / 47.72MB 853.4s
#12 sha256:4be3240beaf2d024c5a1d5882affaecf6cf7c1edd4833692542634d86ae993f1 0B / 7.47MB 854.0s
#12 sha256:be11eda08a582763e8617b5a7e456ea053a3d47554713405ee8c653f41160c44 3.15MB / 47.72MB 858.6s
#12 sha256:4be3240beaf2d024c5a1d5882affaecf6cf7c1edd4833692542634d86ae993f1 0B / 7.47MB 859.1s
#12 ...

#10 [pssim 1/2] FROM docker.io/library/golang:1.23-alpine@sha256:383395b794dffa5b53012a212365d40c8e37109a626ca30d6151c8348d380b5f
#10 sha256:d5791340ef181f05ef1e99760e4be81cb2008d99b2bc1e56b2faa9b6295d0ac3 14.68MB / 74.07MB 862.7s
#10 ...

#12 [srh 1/1] FROM docker.io/hiett/serverless-redis-http:latest@sha256:5b0bb9239fce53abf87b2018a7a0deb9ec7bd900c5360738fe5fbeeb426f9150
#12 sha256:be11eda08a582763e8617b5a7e456ea053a3d47554713405ee8c653f41160c44 3.15MB / 47.72MB 863.8s
#12 sha256:4be3240beaf2d024c5a1d5882affaecf6cf7c1edd4833692542634d86ae993f1 0B / 7.47MB 864.1s
#12 sha256:be11eda08a582763e8617b5a7e456ea053a3d47554713405ee8c653f41160c44 3.15MB / 47.72MB 869.1s
#12 sha256:4be3240beaf2d024c5a1d5882affaecf6cf7c1edd4833692542634d86ae993f1 0B / 7.47MB 869.1s
#12 ...

#10 [pssim 1/2] FROM docker.io/library/golang:1.23-alpine@sha256:383395b794dffa5b53012a212365d40c8e37109a626ca30d6151c8348d380b5f
#10 sha256:d5791340ef181f05ef1e99760e4be81cb2008d99b2bc1e56b2faa9b6295d0ac3 14.68MB / 74.07MB 872.6s
#10 ...

#12 [srh 1/1] FROM docker.io/hiett/serverless-redis-http:latest@sha256:5b0bb9239fce53abf87b2018a7a0deb9ec7bd900c5360738fe5fbeeb426f9150
#12 sha256:be11eda08a582763e8617b5a7e456ea053a3d47554713405ee8c653f41160c44 3.15MB / 47.72MB 874.3s
#12 sha256:4be3240beaf2d024c5a1d5882affaecf6cf7c1edd4833692542634d86ae993f1 0B / 7.47MB 874.3s
#12 sha256:be11eda08a582763e8617b5a7e456ea053a3d47554713405ee8c653f41160c44 3.15MB / 47.72MB 881.2s
#12 sha256:4be3240beaf2d024c5a1d5882affaecf6cf7c1edd4833692542634d86ae993f1 0B / 7.47MB 881.2s
#12 ...

#10 [pssim 1/2] FROM docker.io/library/golang:1.23-alpine@sha256:383395b794dffa5b53012a212365d40c8e37109a626ca30d6151c8348d380b5f
#10 sha256:d5791340ef181f05ef1e99760e4be81cb2008d99b2bc1e56b2faa9b6295d0ac3 14.68MB / 74.07MB 881.8s
#10 ...

#12 [srh 1/1] FROM docker.io/hiett/serverless-redis-http:latest@sha256:5b0bb9239fce53abf87b2018a7a0deb9ec7bd900c5360738fe5fbeeb426f9150
#12 sha256:be11eda08a582763e8617b5a7e456ea053a3d47554713405ee8c653f41160c44 3.15MB / 47.72MB 886.5s
#12 sha256:4be3240beaf2d024c5a1d5882affaecf6cf7c1edd4833692542634d86ae993f1 0B / 7.47MB 886.5s
#12 sha256:be11eda08a582763e8617b5a7e456ea053a3d47554713405ee8c653f41160c44 3.15MB / 47.72MB 891.5s
#12 sha256:4be3240beaf2d024c5a1d5882affaecf6cf7c1edd4833692542634d86ae993f1 0B / 7.47MB 891.5s
#12 sha256:4be3240beaf2d024c5a1d5882affaecf6cf7c1edd4833692542634d86ae993f1 1.05MB / 7.47MB 895.6s
#12 sha256:be11eda08a582763e8617b5a7e456ea053a3d47554713405ee8c653f41160c44 3.15MB / 47.72MB 896.6s
#12 ...

#10 [pssim 1/2] FROM docker.io/library/golang:1.23-alpine@sha256:383395b794dffa5b53012a212365d40c8e37109a626ca30d6151c8348d380b5f
#10 sha256:d5791340ef181f05ef1e99760e4be81cb2008d99b2bc1e56b2faa9b6295d0ac3 14.68MB / 74.07MB 897.6s
#10 ...

#12 [srh 1/1] FROM docker.io/hiett/serverless-redis-http:latest@sha256:5b0bb9239fce53abf87b2018a7a0deb9ec7bd900c5360738fe5fbeeb426f9150
#12 sha256:4be3240beaf2d024c5a1d5882affaecf6cf7c1edd4833692542634d86ae993f1 1.05MB / 7.47MB 900.6s
#12 sha256:be11eda08a582763e8617b5a7e456ea053a3d47554713405ee8c653f41160c44 4.19MB / 47.72MB 901.6s
#12 sha256:4be3240beaf2d024c5a1d5882affaecf6cf7c1edd4833692542634d86ae993f1 1.05MB / 7.47MB 906.4s
#12 sha256:be11eda08a582763e8617b5a7e456ea053a3d47554713405ee8c653f41160c44 4.19MB / 47.72MB 907.3s
#12 ...

#10 [pssim 1/2] FROM docker.io/library/golang:1.23-alpine@sha256:383395b794dffa5b53012a212365d40c8e37109a626ca30d6151c8348d380b5f
#10 sha256:d5791340ef181f05ef1e99760e4be81cb2008d99b2bc1e56b2faa9b6295d0ac3 14.68MB / 74.07MB 908.4s
#10 ...

#12 [srh 1/1] FROM docker.io/hiett/serverless-redis-http:latest@sha256:5b0bb9239fce53abf87b2018a7a0deb9ec7bd900c5360738fe5fbeeb426f9150
#12 sha256:4be3240beaf2d024c5a1d5882affaecf6cf7c1edd4833692542634d86ae993f1 1.05MB / 7.47MB 911.6s
#12 sha256:be11eda08a582763e8617b5a7e456ea053a3d47554713405ee8c653f41160c44 4.19MB / 47.72MB 912.3s
#12 sha256:4be3240beaf2d024c5a1d5882affaecf6cf7c1edd4833692542634d86ae993f1 1.05MB / 7.47MB 916.7s
#12 sha256:be11eda08a582763e8617b5a7e456ea053a3d47554713405ee8c653f41160c44 4.19MB / 47.72MB 917.5s
#12 ...

#10 [pssim 1/2] FROM docker.io/library/golang:1.23-alpine@sha256:383395b794dffa5b53012a212365d40c8e37109a626ca30d6151c8348d380b5f
#10 sha256:d5791340ef181f05ef1e99760e4be81cb2008d99b2bc1e56b2faa9b6295d0ac3 14.68MB / 74.07MB 919.0s
#10 ...

#12 [srh 1/1] FROM docker.io/hiett/serverless-redis-http:latest@sha256:5b0bb9239fce53abf87b2018a7a0deb9ec7bd900c5360738fe5fbeeb426f9150
#12 sha256:4be3240beaf2d024c5a1d5882affaecf6cf7c1edd4833692542634d86ae993f1 1.05MB / 7.47MB 922.2s
#12 sha256:be11eda08a582763e8617b5a7e456ea053a3d47554713405ee8c653f41160c44 4.19MB / 47.72MB 922.7s
#12 sha256:4be3240beaf2d024c5a1d5882affaecf6cf7c1edd4833692542634d86ae993f1 1.05MB / 7.47MB 927.4s
#12 sha256:be11eda08a582763e8617b5a7e456ea053a3d47554713405ee8c653f41160c44 4.19MB / 47.72MB 927.8s
#12 ...

#10 [pssim 1/2] FROM docker.io/library/golang:1.23-alpine@sha256:383395b794dffa5b53012a212365d40c8e37109a626ca30d6151c8348d380b5f
#10 sha256:d5791340ef181f05ef1e99760e4be81cb2008d99b2bc1e56b2faa9b6295d0ac3 14.68MB / 74.07MB 931.2s
#10 ...

#12 [srh 1/1] FROM docker.io/hiett/serverless-redis-http:latest@sha256:5b0bb9239fce53abf87b2018a7a0deb9ec7bd900c5360738fe5fbeeb426f9150
#12 sha256:be11eda08a582763e8617b5a7e456ea053a3d47554713405ee8c653f41160c44 4.19MB / 47.72MB 933.1s
#12 sha256:4be3240beaf2d024c5a1d5882affaecf6cf7c1edd4833692542634d86ae993f1 1.05MB / 7.47MB 933.1s
#12 sha256:be11eda08a582763e8617b5a7e456ea053a3d47554713405ee8c653f41160c44 4.19MB / 47.72MB 942.6s
#12 sha256:4be3240beaf2d024c5a1d5882affaecf6cf7c1edd4833692542634d86ae993f1 2.10MB / 7.47MB 942.6s
#12 ...

#10 [pssim 1/2] FROM docker.io/library/golang:1.23-alpine@sha256:383395b794dffa5b53012a212365d40c8e37109a626ca30d6151c8348d380b5f
#10 sha256:d5791340ef181f05ef1e99760e4be81cb2008d99b2bc1e56b2faa9b6295d0ac3 14.68MB / 74.07MB 945.1s
#10 ...

#12 [srh 1/1] FROM docker.io/hiett/serverless-redis-http:latest@sha256:5b0bb9239fce53abf87b2018a7a0deb9ec7bd900c5360738fe5fbeeb426f9150
#12 sha256:be11eda08a582763e8617b5a7e456ea053a3d47554713405ee8c653f41160c44 5.24MB / 47.72MB 947.6s
#12 sha256:4be3240beaf2d024c5a1d5882affaecf6cf7c1edd4833692542634d86ae993f1 2.10MB / 7.47MB 947.6s
#12 sha256:be11eda08a582763e8617b5a7e456ea053a3d47554713405ee8c653f41160c44 5.24MB / 47.72MB 953.4s
#12 sha256:4be3240beaf2d024c5a1d5882affaecf6cf7c1edd4833692542634d86ae993f1 2.10MB / 7.47MB 953.4s
#12 ...

#10 [pssim 1/2] FROM docker.io/library/golang:1.23-alpine@sha256:383395b794dffa5b53012a212365d40c8e37109a626ca30d6151c8348d380b5f
#10 sha256:d5791340ef181f05ef1e99760e4be81cb2008d99b2bc1e56b2faa9b6295d0ac3 15.73MB / 74.07MB 955.8s
#10 ...

#12 [srh 1/1] FROM docker.io/hiett/serverless-redis-http:latest@sha256:5b0bb9239fce53abf87b2018a7a0deb9ec7bd900c5360738fe5fbeeb426f9150
#12 sha256:be11eda08a582763e8617b5a7e456ea053a3d47554713405ee8c653f41160c44 6.29MB / 47.72MB 958.5s
#12 sha256:4be3240beaf2d024c5a1d5882affaecf6cf7c1edd4833692542634d86ae993f1 2.10MB / 7.47MB 958.5s
#12 sha256:be11eda08a582763e8617b5a7e456ea053a3d47554713405ee8c653f41160c44 6.29MB / 47.72MB 964.3s
#12 sha256:4be3240beaf2d024c5a1d5882affaecf6cf7c1edd4833692542634d86ae993f1 2.10MB / 7.47MB 964.3s
#12 ...

#10 [pssim 1/2] FROM docker.io/library/golang:1.23-alpine@sha256:383395b794dffa5b53012a212365d40c8e37109a626ca30d6151c8348d380b5f
#10 sha256:d5791340ef181f05ef1e99760e4be81cb2008d99b2bc1e56b2faa9b6295d0ac3 15.73MB / 74.07MB 964.4s
#10 ...

#12 [srh 1/1] FROM docker.io/hiett/serverless-redis-http:latest@sha256:5b0bb9239fce53abf87b2018a7a0deb9ec7bd900c5360738fe5fbeeb426f9150
#12 sha256:be11eda08a582763e8617b5a7e456ea053a3d47554713405ee8c653f41160c44 6.29MB / 47.72MB 969.6s
#12 sha256:4be3240beaf2d024c5a1d5882affaecf6cf7c1edd4833692542634d86ae993f1 2.10MB / 7.47MB 969.6s
#12 sha256:be11eda08a582763e8617b5a7e456ea053a3d47554713405ee8c653f41160c44 6.29MB / 47.72MB 974.7s
#12 sha256:4be3240beaf2d024c5a1d5882affaecf6cf7c1edd4833692542634d86ae993f1 3.15MB / 7.47MB 974.7s
#12 ...

#10 [pssim 1/2] FROM docker.io/library/golang:1.23-alpine@sha256:383395b794dffa5b53012a212365d40c8e37109a626ca30d6151c8348d380b5f
#10 sha256:d5791340ef181f05ef1e99760e4be81cb2008d99b2bc1e56b2faa9b6295d0ac3 15.73MB / 74.07MB 975.9s
#10 ...

#12 [srh 1/1] FROM docker.io/hiett/serverless-redis-http:latest@sha256:5b0bb9239fce53abf87b2018a7a0deb9ec7bd900c5360738fe5fbeeb426f9150
#12 sha256:be11eda08a582763e8617b5a7e456ea053a3d47554713405ee8c653f41160c44 6.29MB / 47.72MB 979.8s
#12 sha256:4be3240beaf2d024c5a1d5882affaecf6cf7c1edd4833692542634d86ae993f1 3.15MB / 7.47MB 979.8s
#12 sha256:be11eda08a582763e8617b5a7e456ea053a3d47554713405ee8c653f41160c44 7.34MB / 47.72MB 984.9s
#12 sha256:4be3240beaf2d024c5a1d5882affaecf6cf7c1edd4833692542634d86ae993f1 3.15MB / 7.47MB 984.9s
#12 ...

#10 [pssim 1/2] FROM docker.io/library/golang:1.23-alpine@sha256:383395b794dffa5b53012a212365d40c8e37109a626ca30d6151c8348d380b5f
#10 sha256:d5791340ef181f05ef1e99760e4be81cb2008d99b2bc1e56b2faa9b6295d0ac3 16.78MB / 74.07MB 986.9s
#10 ...

#12 [srh 1/1] FROM docker.io/hiett/serverless-redis-http:latest@sha256:5b0bb9239fce53abf87b2018a7a0deb9ec7bd900c5360738fe5fbeeb426f9150
#12 sha256:be11eda08a582763e8617b5a7e456ea053a3d47554713405ee8c653f41160c44 7.34MB / 47.72MB 990.0s
#12 sha256:4be3240beaf2d024c5a1d5882affaecf6cf7c1edd4833692542634d86ae993f1 3.15MB / 7.47MB 990.0s
#12 sha256:be11eda08a582763e8617b5a7e456ea053a3d47554713405ee8c653f41160c44 7.34MB / 47.72MB 995.1s
#12 sha256:4be3240beaf2d024c5a1d5882affaecf6cf7c1edd4833692542634d86ae993f1 3.15MB / 7.47MB 995.1s
#12 ...

#10 [pssim 1/2] FROM docker.io/library/golang:1.23-alpine@sha256:383395b794dffa5b53012a212365d40c8e37109a626ca30d6151c8348d380b5f
#10 sha256:d5791340ef181f05ef1e99760e4be81cb2008d99b2bc1e56b2faa9b6295d0ac3 16.78MB / 74.07MB 996.8s
#10 ...

#12 [srh 1/1] FROM docker.io/hiett/serverless-redis-http:latest@sha256:5b0bb9239fce53abf87b2018a7a0deb9ec7bd900c5360738fe5fbeeb426f9150
#12 sha256:be11eda08a582763e8617b5a7e456ea053a3d47554713405ee8c653f41160c44 7.34MB / 47.72MB 1000.1s
#12 sha256:4be3240beaf2d024c5a1d5882affaecf6cf7c1edd4833692542634d86ae993f1 3.15MB / 7.47MB 1000.1s
#12 sha256:be11eda08a582763e8617b5a7e456ea053a3d47554713405ee8c653f41160c44 7.34MB / 47.72MB 1005.2s
#12 sha256:4be3240beaf2d024c5a1d5882affaecf6cf7c1edd4833692542634d86ae993f1 3.15MB / 7.47MB 1005.2s
#12 ...

#10 [pssim 1/2] FROM docker.io/library/golang:1.23-alpine@sha256:383395b794dffa5b53012a212365d40c8e37109a626ca30d6151c8348d380b5f
#10 sha256:d5791340ef181f05ef1e99760e4be81cb2008d99b2bc1e56b2faa9b6295d0ac3 16.78MB / 74.07MB 1006.7s
#10 ...

#12 [srh 1/1] FROM docker.io/hiett/serverless-redis-http:latest@sha256:5b0bb9239fce53abf87b2018a7a0deb9ec7bd900c5360738fe5fbeeb426f9150
#12 sha256:be11eda08a582763e8617b5a7e456ea053a3d47554713405ee8c653f41160c44 8.39MB / 47.72MB 1010.3s
#12 sha256:4be3240beaf2d024c5a1d5882affaecf6cf7c1edd4833692542634d86ae993f1 3.15MB / 7.47MB 1010.3s
#12 sha256:be11eda08a582763e8617b5a7e456ea053a3d47554713405ee8c653f41160c44 8.39MB / 47.72MB 1015.3s
#12 sha256:4be3240beaf2d024c5a1d5882affaecf6cf7c1edd4833692542634d86ae993f1 3.15MB / 7.47MB 1015.3s
#12 ...

#10 [pssim 1/2] FROM docker.io/library/golang:1.23-alpine@sha256:383395b794dffa5b53012a212365d40c8e37109a626ca30d6151c8348d380b5f
#10 sha256:d5791340ef181f05ef1e99760e4be81cb2008d99b2bc1e56b2faa9b6295d0ac3 16.78MB / 74.07MB 1017.3s
#10 ...

#12 [srh 1/1] FROM docker.io/hiett/serverless-redis-http:latest@sha256:5b0bb9239fce53abf87b2018a7a0deb9ec7bd900c5360738fe5fbeeb426f9150
#12 sha256:be11eda08a582763e8617b5a7e456ea053a3d47554713405ee8c653f41160c44 8.39MB / 47.72MB 1020.3s
#12 sha256:4be3240beaf2d024c5a1d5882affaecf6cf7c1edd4833692542634d86ae993f1 3.15MB / 7.47MB 1020.3s
#12 sha256:be11eda08a582763e8617b5a7e456ea053a3d47554713405ee8c653f41160c44 8.39MB / 47.72MB 1025.3s
#12 sha256:4be3240beaf2d024c5a1d5882affaecf6cf7c1edd4833692542634d86ae993f1 3.15MB / 7.47MB 1025.3s
#12 ...

#10 [pssim 1/2] FROM docker.io/library/golang:1.23-alpine@sha256:383395b794dffa5b53012a212365d40c8e37109a626ca30d6151c8348d380b5f
#10 sha256:d5791340ef181f05ef1e99760e4be81cb2008d99b2bc1e56b2faa9b6295d0ac3 17.83MB / 74.07MB 1028.1s
#10 ...

#12 [srh 1/1] FROM docker.io/hiett/serverless-redis-http:latest@sha256:5b0bb9239fce53abf87b2018a7a0deb9ec7bd900c5360738fe5fbeeb426f9150
#12 sha256:be11eda08a582763e8617b5a7e456ea053a3d47554713405ee8c653f41160c44 8.39MB / 47.72MB 1030.4s
#12 sha256:4be3240beaf2d024c5a1d5882affaecf6cf7c1edd4833692542634d86ae993f1 3.15MB / 7.47MB 1030.4s
#12 sha256:be11eda08a582763e8617b5a7e456ea053a3d47554713405ee8c653f41160c44 8.39MB / 47.72MB 1035.4s
#12 sha256:4be3240beaf2d024c5a1d5882affaecf6cf7c1edd4833692542634d86ae993f1 3.15MB / 7.47MB 1035.4s
#12 ...

#10 [pssim 1/2] FROM docker.io/library/golang:1.23-alpine@sha256:383395b794dffa5b53012a212365d40c8e37109a626ca30d6151c8348d380b5f
#10 sha256:d5791340ef181f05ef1e99760e4be81cb2008d99b2bc1e56b2faa9b6295d0ac3 17.83MB / 74.07MB 1038.1s
#10 ...

#12 [srh 1/1] FROM docker.io/hiett/serverless-redis-http:latest@sha256:5b0bb9239fce53abf87b2018a7a0deb9ec7bd900c5360738fe5fbeeb426f9150
#12 sha256:be11eda08a582763e8617b5a7e456ea053a3d47554713405ee8c653f41160c44 9.44MB / 47.72MB 1040.5s
#12 sha256:4be3240beaf2d024c5a1d5882affaecf6cf7c1edd4833692542634d86ae993f1 3.15MB / 7.47MB 1040.5s
#12 sha256:be11eda08a582763e8617b5a7e456ea053a3d47554713405ee8c653f41160c44 9.44MB / 47.72MB 1045.6s
#12 sha256:4be3240beaf2d024c5a1d5882affaecf6cf7c1edd4833692542634d86ae993f1 3.15MB / 7.47MB 1045.6s
#12 ...

#10 [pssim 1/2] FROM docker.io/library/golang:1.23-alpine@sha256:383395b794dffa5b53012a212365d40c8e37109a626ca30d6151c8348d380b5f
#10 sha256:d5791340ef181f05ef1e99760e4be81cb2008d99b2bc1e56b2faa9b6295d0ac3 17.83MB / 74.07MB 1049.0s
#10 ...

#12 [srh 1/1] FROM docker.io/hiett/serverless-redis-http:latest@sha256:5b0bb9239fce53abf87b2018a7a0deb9ec7bd900c5360738fe5fbeeb426f9150
#12 sha256:be11eda08a582763e8617b5a7e456ea053a3d47554713405ee8c653f41160c44 9.44MB / 47.72MB 1050.7s
#12 sha256:4be3240beaf2d024c5a1d5882affaecf6cf7c1edd4833692542634d86ae993f1 3.15MB / 7.47MB 1050.7s
#12 sha256:be11eda08a582763e8617b5a7e456ea053a3d47554713405ee8c653f41160c44 9.44MB / 47.72MB 1055.9s
#12 sha256:4be3240beaf2d024c5a1d5882affaecf6cf7c1edd4833692542634d86ae993f1 3.15MB / 7.47MB 1055.9s
#12 ...

#10 [pssim 1/2] FROM docker.io/library/golang:1.23-alpine@sha256:383395b794dffa5b53012a212365d40c8e37109a626ca30d6151c8348d380b5f
#10 sha256:d5791340ef181f05ef1e99760e4be81cb2008d99b2bc1e56b2faa9b6295d0ac3 18.87MB / 74.07MB 1059.0s
#10 ...

#12 [srh 1/1] FROM docker.io/hiett/serverless-redis-http:latest@sha256:5b0bb9239fce53abf87b2018a7a0deb9ec7bd900c5360738fe5fbeeb426f9150
#12 sha256:be11eda08a582763e8617b5a7e456ea053a3d47554713405ee8c653f41160c44 9.44MB / 47.72MB 1060.9s
#12 sha256:4be3240beaf2d024c5a1d5882affaecf6cf7c1edd4833692542634d86ae993f1 3.15MB / 7.47MB 1060.9s
#12 sha256:be11eda08a582763e8617b5a7e456ea053a3d47554713405ee8c653f41160c44 9.44MB / 47.72MB 1066.0s
#12 sha256:4be3240beaf2d024c5a1d5882affaecf6cf7c1edd4833692542634d86ae993f1 3.15MB / 7.47MB 1066.0s
#12 ...

#10 [pssim 1/2] FROM docker.io/library/golang:1.23-alpine@sha256:383395b794dffa5b53012a212365d40c8e37109a626ca30d6151c8348d380b5f
#10 sha256:d5791340ef181f05ef1e99760e4be81cb2008d99b2bc1e56b2faa9b6295d0ac3 18.87MB / 74.07MB 1069.0s
#10 ...

#12 [srh 1/1] FROM docker.io/hiett/serverless-redis-http:latest@sha256:5b0bb9239fce53abf87b2018a7a0deb9ec7bd900c5360738fe5fbeeb426f9150
#12 sha256:be11eda08a582763e8617b5a7e456ea053a3d47554713405ee8c653f41160c44 9.44MB / 47.72MB 1071.1s
#12 sha256:4be3240beaf2d024c5a1d5882affaecf6cf7c1edd4833692542634d86ae993f1 3.15MB / 7.47MB 1071.1s
#12 sha256:be11eda08a582763e8617b5a7e456ea053a3d47554713405ee8c653f41160c44 9.44MB / 47.72MB 1076.2s
#12 sha256:4be3240beaf2d024c5a1d5882affaecf6cf7c1edd4833692542634d86ae993f1 3.15MB / 7.47MB 1076.2s
#12 ...

#10 [pssim 1/2] FROM docker.io/library/golang:1.23-alpine@sha256:383395b794dffa5b53012a212365d40c8e37109a626ca30d6151c8348d380b5f
#10 sha256:d5791340ef181f05ef1e99760e4be81cb2008d99b2bc1e56b2faa9b6295d0ac3 18.87MB / 74.07MB 1079.8s
#10 ...

#12 [srh 1/1] FROM docker.io/hiett/serverless-redis-http:latest@sha256:5b0bb9239fce53abf87b2018a7a0deb9ec7bd900c5360738fe5fbeeb426f9150
#12 sha256:be11eda08a582763e8617b5a7e456ea053a3d47554713405ee8c653f41160c44 10.49MB / 47.72MB 1081.4s
#12 sha256:4be3240beaf2d024c5a1d5882affaecf6cf7c1edd4833692542634d86ae993f1 3.15MB / 7.47MB 1081.4s
#12 sha256:be11eda08a582763e8617b5a7e456ea053a3d47554713405ee8c653f41160c44 10.49MB / 47.72MB 1086.4s
#12 sha256:4be3240beaf2d024c5a1d5882affaecf6cf7c1edd4833692542634d86ae993f1 3.15MB / 7.47MB 1086.4s
#12 ...

#10 [pssim 1/2] FROM docker.io/library/golang:1.23-alpine@sha256:383395b794dffa5b53012a212365d40c8e37109a626ca30d6151c8348d380b5f
#10 sha256:d5791340ef181f05ef1e99760e4be81cb2008d99b2bc1e56b2faa9b6295d0ac3 18.87MB / 74.07MB 1090.0s
#10 ...

#12 [srh 1/1] FROM docker.io/hiett/serverless-redis-http:latest@sha256:5b0bb9239fce53abf87b2018a7a0deb9ec7bd900c5360738fe5fbeeb426f9150
#12 sha256:be11eda08a582763e8617b5a7e456ea053a3d47554713405ee8c653f41160c44 10.49MB / 47.72MB 1091.5s
#12 sha256:4be3240beaf2d024c5a1d5882affaecf6cf7c1edd4833692542634d86ae993f1 3.15MB / 7.47MB 1091.5s
#12 sha256:be11eda08a582763e8617b5a7e456ea053a3d47554713405ee8c653f41160c44 10.49MB / 47.72MB 1096.5s
#12 sha256:4be3240beaf2d024c5a1d5882affaecf6cf7c1edd4833692542634d86ae993f1 3.15MB / 7.47MB 1096.6s
#12 ...

#10 [pssim 1/2] FROM docker.io/library/golang:1.23-alpine@sha256:383395b794dffa5b53012a212365d40c8e37109a626ca30d6151c8348d380b5f
#10 sha256:d5791340ef181f05ef1e99760e4be81cb2008d99b2bc1e56b2faa9b6295d0ac3 18.87MB / 74.07MB 1100.0s
#10 ...

#12 [srh 1/1] FROM docker.io/hiett/serverless-redis-http:latest@sha256:5b0bb9239fce53abf87b2018a7a0deb9ec7bd900c5360738fe5fbeeb426f9150
#12 sha256:be11eda08a582763e8617b5a7e456ea053a3d47554713405ee8c653f41160c44 10.49MB / 47.72MB 1101.5s
#12 sha256:4be3240beaf2d024c5a1d5882affaecf6cf7c1edd4833692542634d86ae993f1 3.15MB / 7.47MB 1101.7s
#12 sha256:be11eda08a582763e8617b5a7e456ea053a3d47554713405ee8c653f41160c44 10.49MB / 47.72MB 1106.6s
#12 sha256:4be3240beaf2d024c5a1d5882affaecf6cf7c1edd4833692542634d86ae993f1 3.15MB / 7.47MB 1106.7s
#12 ...

#10 [pssim 1/2] FROM docker.io/library/golang:1.23-alpine@sha256:383395b794dffa5b53012a212365d40c8e37109a626ca30d6151c8348d380b5f
#10 sha256:d5791340ef181f05ef1e99760e4be81cb2008d99b2bc1e56b2faa9b6295d0ac3 18.87MB / 74.07MB 1110.3s
#10 ...

#12 [srh 1/1] FROM docker.io/hiett/serverless-redis-http:latest@sha256:5b0bb9239fce53abf87b2018a7a0deb9ec7bd900c5360738fe5fbeeb426f9150
#12 sha256:be11eda08a582763e8617b5a7e456ea053a3d47554713405ee8c653f41160c44 10.49MB / 47.72MB 1111.6s
#12 sha256:4be3240beaf2d024c5a1d5882affaecf6cf7c1edd4833692542634d86ae993f1 3.15MB / 7.47MB 1111.8s
#12 sha256:be11eda08a582763e8617b5a7e456ea053a3d47554713405ee8c653f41160c44 10.49MB / 47.72MB 1116.7s
#12 sha256:4be3240beaf2d024c5a1d5882affaecf6cf7c1edd4833692542634d86ae993f1 3.15MB / 7.47MB 1116.8s
#12 sha256:4be3240beaf2d024c5a1d5882affaecf6cf7c1edd4833692542634d86ae993f1 4.19MB / 7.47MB 1119.4s
#12 ...

#10 [pssim 1/2] FROM docker.io/library/golang:1.23-alpine@sha256:383395b794dffa5b53012a212365d40c8e37109a626ca30d6151c8348d380b5f
#10 sha256:d5791340ef181f05ef1e99760e4be81cb2008d99b2bc1e56b2faa9b6295d0ac3 18.87MB / 74.07MB 1120.3s
#10 ...

#12 [srh 1/1] FROM docker.io/hiett/serverless-redis-http:latest@sha256:5b0bb9239fce53abf87b2018a7a0deb9ec7bd900c5360738fe5fbeeb426f9150
#12 sha256:be11eda08a582763e8617b5a7e456ea053a3d47554713405ee8c653f41160c44 10.49MB / 47.72MB 1121.7s
#12 sha256:4be3240beaf2d024c5a1d5882affaecf6cf7c1edd4833692542634d86ae993f1 4.19MB / 7.47MB 1124.5s
#12 sha256:be11eda08a582763e8617b5a7e456ea053a3d47554713405ee8c653f41160c44 10.49MB / 47.72MB 1126.8s
#12 sha256:4be3240beaf2d024c5a1d5882affaecf6cf7c1edd4833692542634d86ae993f1 4.19MB / 7.47MB 1129.6s
#12 ...

#10 [pssim 1/2] FROM docker.io/library/golang:1.23-alpine@sha256:383395b794dffa5b53012a212365d40c8e37109a626ca30d6151c8348d380b5f
#10 sha256:d5791340ef181f05ef1e99760e4be81cb2008d99b2bc1e56b2faa9b6295d0ac3 18.87MB / 74.07MB 1130.3s
#10 ...

#12 [srh 1/1] FROM docker.io/hiett/serverless-redis-http:latest@sha256:5b0bb9239fce53abf87b2018a7a0deb9ec7bd900c5360738fe5fbeeb426f9150
#12 sha256:be11eda08a582763e8617b5a7e456ea053a3d47554713405ee8c653f41160c44 10.49MB / 47.72MB 1131.8s
#12 sha256:4be3240beaf2d024c5a1d5882affaecf6cf7c1edd4833692542634d86ae993f1 4.19MB / 7.47MB 1135.3s
#12 sha256:be11eda08a582763e8617b5a7e456ea053a3d47554713405ee8c653f41160c44 10.49MB / 47.72MB 1136.9s
#12 sha256:4be3240beaf2d024c5a1d5882affaecf6cf7c1edd4833692542634d86ae993f1 4.19MB / 7.47MB 1140.3s
#12 ...

#10 [pssim 1/2] FROM docker.io/library/golang:1.23-alpine@sha256:383395b794dffa5b53012a212365d40c8e37109a626ca30d6151c8348d380b5f
#10 sha256:d5791340ef181f05ef1e99760e4be81cb2008d99b2bc1e56b2faa9b6295d0ac3 18.87MB / 74.07MB 1141.7s
#10 ...

#12 [srh 1/1] FROM docker.io/hiett/serverless-redis-http:latest@sha256:5b0bb9239fce53abf87b2018a7a0deb9ec7bd900c5360738fe5fbeeb426f9150
#12 sha256:be11eda08a582763e8617b5a7e456ea053a3d47554713405ee8c653f41160c44 10.49MB / 47.72MB 1141.9s
#12 sha256:4be3240beaf2d024c5a1d5882affaecf6cf7c1edd4833692542634d86ae993f1 4.19MB / 7.47MB 1145.5s
#12 sha256:be11eda08a582763e8617b5a7e456ea053a3d47554713405ee8c653f41160c44 10.49MB / 47.72MB 1147.0s
#12 sha256:4be3240beaf2d024c5a1d5882affaecf6cf7c1edd4833692542634d86ae993f1 4.19MB / 7.47MB 1150.5s
#12 ...

#10 [pssim 1/2] FROM docker.io/library/golang:1.23-alpine@sha256:383395b794dffa5b53012a212365d40c8e37109a626ca30d6151c8348d380b5f
#10 sha256:d5791340ef181f05ef1e99760e4be81cb2008d99b2bc1e56b2faa9b6295d0ac3 18.87MB / 74.07MB 1151.7s
#10 ...

#12 [srh 1/1] FROM docker.io/hiett/serverless-redis-http:latest@sha256:5b0bb9239fce53abf87b2018a7a0deb9ec7bd900c5360738fe5fbeeb426f9150
#12 sha256:be11eda08a582763e8617b5a7e456ea053a3d47554713405ee8c653f41160c44 10.49MB / 47.72MB 1152.2s
#12 sha256:4be3240beaf2d024c5a1d5882affaecf6cf7c1edd4833692542634d86ae993f1 5.24MB / 7.47MB 1155.4s
#12 sha256:be11eda08a582763e8617b5a7e456ea053a3d47554713405ee8c653f41160c44 10.49MB / 47.72MB 1157.8s
#12 sha256:4be3240beaf2d024c5a1d5882affaecf6cf7c1edd4833692542634d86ae993f1 5.24MB / 7.47MB 1160.4s
#12 ...

#10 [pssim 1/2] FROM docker.io/library/golang:1.23-alpine@sha256:383395b794dffa5b53012a212365d40c8e37109a626ca30d6151c8348d380b5f
#10 sha256:d5791340ef181f05ef1e99760e4be81cb2008d99b2bc1e56b2faa9b6295d0ac3 18.87MB / 74.07MB 1161.2s
#10 ...

#12 [srh 1/1] FROM docker.io/hiett/serverless-redis-http:latest@sha256:5b0bb9239fce53abf87b2018a7a0deb9ec7bd900c5360738fe5fbeeb426f9150
#12 sha256:be11eda08a582763e8617b5a7e456ea053a3d47554713405ee8c653f41160c44 10.49MB / 47.72MB 1163.1s
#12 sha256:4be3240beaf2d024c5a1d5882affaecf6cf7c1edd4833692542634d86ae993f1 5.24MB / 7.47MB 1165.6s
#12 sha256:be11eda08a582763e8617b5a7e456ea053a3d47554713405ee8c653f41160c44 10.49MB / 47.72MB 1168.3s
#12 sha256:4be3240beaf2d024c5a1d5882affaecf6cf7c1edd4833692542634d86ae993f1 5.24MB / 7.47MB 1171.4s
#12 ...

#10 [pssim 1/2] FROM docker.io/library/golang:1.23-alpine@sha256:383395b794dffa5b53012a212365d40c8e37109a626ca30d6151c8348d380b5f
#10 sha256:d5791340ef181f05ef1e99760e4be81cb2008d99b2bc1e56b2faa9b6295d0ac3 18.87MB / 74.07MB 1172.6s
#10 ...

#12 [srh 1/1] FROM docker.io/hiett/serverless-redis-http:latest@sha256:5b0bb9239fce53abf87b2018a7a0deb9ec7bd900c5360738fe5fbeeb426f9150
#12 sha256:be11eda08a582763e8617b5a7e456ea053a3d47554713405ee8c653f41160c44 10.49MB / 47.72MB 1173.5s
#12 sha256:4be3240beaf2d024c5a1d5882affaecf6cf7c1edd4833692542634d86ae993f1 5.24MB / 7.47MB 1176.5s
#12 sha256:be11eda08a582763e8617b5a7e456ea053a3d47554713405ee8c653f41160c44 10.49MB / 47.72MB 1178.5s
#12 sha256:4be3240beaf2d024c5a1d5882affaecf6cf7c1edd4833692542634d86ae993f1 5.24MB / 7.47MB 1181.8s
#12 ...

#10 [pssim 1/2] FROM docker.io/library/golang:1.23-alpine@sha256:383395b794dffa5b53012a212365d40c8e37109a626ca30d6151c8348d380b5f
#10 sha256:d5791340ef181f05ef1e99760e4be81cb2008d99b2bc1e56b2faa9b6295d0ac3 18.87MB / 74.07MB 1182.7s
#10 ...

#12 [srh 1/1] FROM docker.io/hiett/serverless-redis-http:latest@sha256:5b0bb9239fce53abf87b2018a7a0deb9ec7bd900c5360738fe5fbeeb426f9150
#12 sha256:be11eda08a582763e8617b5a7e456ea053a3d47554713405ee8c653f41160c44 10.49MB / 47.72MB 1183.6s
#12 sha256:4be3240beaf2d024c5a1d5882affaecf6cf7c1edd4833692542634d86ae993f1 5.24MB / 7.47MB 1186.9s
#12 sha256:be11eda08a582763e8617b5a7e456ea053a3d47554713405ee8c653f41160c44 10.49MB / 47.72MB 1189.0s
#12 sha256:4be3240beaf2d024c5a1d5882affaecf6cf7c1edd4833692542634d86ae993f1 5.24MB / 7.47MB 1192.1s
#12 ...

#10 [pssim 1/2] FROM docker.io/library/golang:1.23-alpine@sha256:383395b794dffa5b53012a212365d40c8e37109a626ca30d6151c8348d380b5f
#10 sha256:d5791340ef181f05ef1e99760e4be81cb2008d99b2bc1e56b2faa9b6295d0ac3 18.87MB / 74.07MB 1192.6s
#10 ...

#12 [srh 1/1] FROM docker.io/hiett/serverless-redis-http:latest@sha256:5b0bb9239fce53abf87b2018a7a0deb9ec7bd900c5360738fe5fbeeb426f9150
#12 sha256:be11eda08a582763e8617b5a7e456ea053a3d47554713405ee8c653f41160c44 10.49MB / 47.72MB 1194.1s
#12 sha256:4be3240beaf2d024c5a1d5882affaecf6cf7c1edd4833692542634d86ae993f1 6.29MB / 7.47MB 1196.5s
#12 sha256:be11eda08a582763e8617b5a7e456ea053a3d47554713405ee8c653f41160c44 10.49MB / 47.72MB 1199.2s
#12 sha256:4be3240beaf2d024c5a1d5882affaecf6cf7c1edd4833692542634d86ae993f1 6.29MB / 7.47MB 1201.7s
#12 ...

#10 [pssim 1/2] FROM docker.io/library/golang:1.23-alpine@sha256:383395b794dffa5b53012a212365d40c8e37109a626ca30d6151c8348d380b5f
#10 sha256:d5791340ef181f05ef1e99760e4be81cb2008d99b2bc1e56b2faa9b6295d0ac3 19.92MB / 74.07MB 1203.8s
#10 ...

#12 [srh 1/1] FROM docker.io/hiett/serverless-redis-http:latest@sha256:5b0bb9239fce53abf87b2018a7a0deb9ec7bd900c5360738fe5fbeeb426f9150
#12 sha256:be11eda08a582763e8617b5a7e456ea053a3d47554713405ee8c653f41160c44 10.49MB / 47.72MB 1204.2s
#12 sha256:4be3240beaf2d024c5a1d5882affaecf6cf7c1edd4833692542634d86ae993f1 6.29MB / 7.47MB 1206.8s
#12 sha256:be11eda08a582763e8617b5a7e456ea053a3d47554713405ee8c653f41160c44 10.49MB / 47.72MB 1209.2s
#12 sha256:4be3240beaf2d024c5a1d5882affaecf6cf7c1edd4833692542634d86ae993f1 6.29MB / 7.47MB 1212.0s
#12 ...

#10 [pssim 1/2] FROM docker.io/library/golang:1.23-alpine@sha256:383395b794dffa5b53012a212365d40c8e37109a626ca30d6151c8348d380b5f
#10 sha256:d5791340ef181f05ef1e99760e4be81cb2008d99b2bc1e56b2faa9b6295d0ac3 19.92MB / 74.07MB 1213.9s
#10 ...

#12 [srh 1/1] FROM docker.io/hiett/serverless-redis-http:latest@sha256:5b0bb9239fce53abf87b2018a7a0deb9ec7bd900c5360738fe5fbeeb426f9150
#12 sha256:be11eda08a582763e8617b5a7e456ea053a3d47554713405ee8c653f41160c44 10.49MB / 47.72MB 1214.3s
#12 sha256:4be3240beaf2d024c5a1d5882affaecf6cf7c1edd4833692542634d86ae993f1 6.29MB / 7.47MB 1217.2s
#12 sha256:be11eda08a582763e8617b5a7e456ea053a3d47554713405ee8c653f41160c44 10.49MB / 47.72MB 1219.4s
#12 sha256:4be3240beaf2d024c5a1d5882affaecf6cf7c1edd4833692542634d86ae993f1 6.29MB / 7.47MB 1222.2s
#12 ...

#10 [pssim 1/2] FROM docker.io/library/golang:1.23-alpine@sha256:383395b794dffa5b53012a212365d40c8e37109a626ca30d6151c8348d380b5f
#10 sha256:d5791340ef181f05ef1e99760e4be81cb2008d99b2bc1e56b2faa9b6295d0ac3 19.92MB / 74.07MB 1223.9s
#10 ...

#12 [srh 1/1] FROM docker.io/hiett/serverless-redis-http:latest@sha256:5b0bb9239fce53abf87b2018a7a0deb9ec7bd900c5360738fe5fbeeb426f9150
#12 sha256:be11eda08a582763e8617b5a7e456ea053a3d47554713405ee8c653f41160c44 10.49MB / 47.72MB 1224.5s
#12 sha256:4be3240beaf2d024c5a1d5882affaecf6cf7c1edd4833692542634d86ae993f1 6.29MB / 7.47MB 1227.2s
#12 sha256:be11eda08a582763e8617b5a7e456ea053a3d47554713405ee8c653f41160c44 10.49MB / 47.72MB 1229.6s
#12 sha256:4be3240beaf2d024c5a1d5882affaecf6cf7c1edd4833692542634d86ae993f1 6.29MB / 7.47MB 1232.3s
#12 sha256:be11eda08a582763e8617b5a7e456ea053a3d47554713405ee8c653f41160c44 10.49MB / 47.72MB 1234.7s
#12 ...

#10 [pssim 1/2] FROM docker.io/library/golang:1.23-alpine@sha256:383395b794dffa5b53012a212365d40c8e37109a626ca30d6151c8348d380b5f
#10 sha256:d5791340ef181f05ef1e99760e4be81cb2008d99b2bc1e56b2faa9b6295d0ac3 20.97MB / 74.07MB 1234.8s
#10 ...

#12 [srh 1/1] FROM docker.io/hiett/serverless-redis-http:latest@sha256:5b0bb9239fce53abf87b2018a7a0deb9ec7bd900c5360738fe5fbeeb426f9150
#12 sha256:4be3240beaf2d024c5a1d5882affaecf6cf7c1edd4833692542634d86ae993f1 6.29MB / 7.47MB 1237.4s
#12 sha256:4be3240beaf2d024c5a1d5882affaecf6cf7c1edd4833692542634d86ae993f1 7.34MB / 7.47MB 1237.6s
#12 sha256:be11eda08a582763e8617b5a7e456ea053a3d47554713405ee8c653f41160c44 11.53MB / 47.72MB 1239.8s
#12 sha256:4be3240beaf2d024c5a1d5882affaecf6cf7c1edd4833692542634d86ae993f1 7.47MB / 7.47MB 1242.1s done
#12 ...

#10 [pssim 1/2] FROM docker.io/library/golang:1.23-alpine@sha256:383395b794dffa5b53012a212365d40c8e37109a626ca30d6151c8348d380b5f
#10 sha256:d5791340ef181f05ef1e99760e4be81cb2008d99b2bc1e56b2faa9b6295d0ac3 20.97MB / 74.07MB 1244.7s
#10 ...

#12 [srh 1/1] FROM docker.io/hiett/serverless-redis-http:latest@sha256:5b0bb9239fce53abf87b2018a7a0deb9ec7bd900c5360738fe5fbeeb426f9150
#12 sha256:be11eda08a582763e8617b5a7e456ea053a3d47554713405ee8c653f41160c44 11.53MB / 47.72MB 1244.8s
#12 sha256:be11eda08a582763e8617b5a7e456ea053a3d47554713405ee8c653f41160c44 11.53MB / 47.72MB 1249.9s
#12 ...

#10 [pssim 1/2] FROM docker.io/library/golang:1.23-alpine@sha256:383395b794dffa5b53012a212365d40c8e37109a626ca30d6151c8348d380b5f
#10 sha256:d5791340ef181f05ef1e99760e4be81cb2008d99b2bc1e56b2faa9b6295d0ac3 20.97MB / 74.07MB 1254.2s
#10 ...

#12 [srh 1/1] FROM docker.io/hiett/serverless-redis-http:latest@sha256:5b0bb9239fce53abf87b2018a7a0deb9ec7bd900c5360738fe5fbeeb426f9150
#12 sha256:be11eda08a582763e8617b5a7e456ea053a3d47554713405ee8c653f41160c44 11.53MB / 47.72MB 1255.0s
#12 sha256:be11eda08a582763e8617b5a7e456ea053a3d47554713405ee8c653f41160c44 11.53MB / 47.72MB 1260.0s
#12 sha256:be11eda08a582763e8617b5a7e456ea053a3d47554713405ee8c653f41160c44 11.53MB / 47.72MB 1265.1s
#12 ...

#10 [pssim 1/2] FROM docker.io/library/golang:1.23-alpine@sha256:383395b794dffa5b53012a212365d40c8e37109a626ca30d6151c8348d380b5f
#10 sha256:d5791340ef181f05ef1e99760e4be81cb2008d99b2bc1e56b2faa9b6295d0ac3 22.02MB / 74.07MB 1265.3s
#10 ...

#12 [srh 1/1] FROM docker.io/hiett/serverless-redis-http:latest@sha256:5b0bb9239fce53abf87b2018a7a0deb9ec7bd900c5360738fe5fbeeb426f9150
#12 sha256:be11eda08a582763e8617b5a7e456ea053a3d47554713405ee8c653f41160c44 11.53MB / 47.72MB 1270.3s
#12 ...

#10 [pssim 1/2] FROM docker.io/library/golang:1.23-alpine@sha256:383395b794dffa5b53012a212365d40c8e37109a626ca30d6151c8348d380b5f
#10 sha256:d5791340ef181f05ef1e99760e4be81cb2008d99b2bc1e56b2faa9b6295d0ac3 22.02MB / 74.07MB 1274.9s
#10 ...

#12 [srh 1/1] FROM docker.io/hiett/serverless-redis-http:latest@sha256:5b0bb9239fce53abf87b2018a7a0deb9ec7bd900c5360738fe5fbeeb426f9150
#12 sha256:be11eda08a582763e8617b5a7e456ea053a3d47554713405ee8c653f41160c44 11.53MB / 47.72MB 1275.6s
#12 sha256:be11eda08a582763e8617b5a7e456ea053a3d47554713405ee8c653f41160c44 12.58MB / 47.72MB 1280.6s
#12 ...

#10 [pssim 1/2] FROM docker.io/library/golang:1.23-alpine@sha256:383395b794dffa5b53012a212365d40c8e37109a626ca30d6151c8348d380b5f
#10 sha256:d5791340ef181f05ef1e99760e4be81cb2008d99b2bc1e56b2faa9b6295d0ac3 23.07MB / 74.07MB 1284.2s
#10 ...

#12 [srh 1/1] FROM docker.io/hiett/serverless-redis-http:latest@sha256:5b0bb9239fce53abf87b2018a7a0deb9ec7bd900c5360738fe5fbeeb426f9150
#12 sha256:be11eda08a582763e8617b5a7e456ea053a3d47554713405ee8c653f41160c44 12.58MB / 47.72MB 1285.9s
#12 sha256:be11eda08a582763e8617b5a7e456ea053a3d47554713405ee8c653f41160c44 12.58MB / 47.72MB 1291.0s
#12 ...

#10 [pssim 1/2] FROM docker.io/library/golang:1.23-alpine@sha256:383395b794dffa5b53012a212365d40c8e37109a626ca30d6151c8348d380b5f
#10 sha256:d5791340ef181f05ef1e99760e4be81cb2008d99b2bc1e56b2faa9b6295d0ac3 23.07MB / 74.07MB 1295.4s
#10 ...

#12 [srh 1/1] FROM docker.io/hiett/serverless-redis-http:latest@sha256:5b0bb9239fce53abf87b2018a7a0deb9ec7bd900c5360738fe5fbeeb426f9150
#12 sha256:be11eda08a582763e8617b5a7e456ea053a3d47554713405ee8c653f41160c44 12.58MB / 47.72MB 1296.2s
#12 sha256:be11eda08a582763e8617b5a7e456ea053a3d47554713405ee8c653f41160c44 12.58MB / 47.72MB 1303.5s
#12 ...

#10 [pssim 1/2] FROM docker.io/library/golang:1.23-alpine@sha256:383395b794dffa5b53012a212365d40c8e37109a626ca30d6151c8348d380b5f
#10 sha256:d5791340ef181f05ef1e99760e4be81cb2008d99b2bc1e56b2faa9b6295d0ac3 23.07MB / 74.07MB 1305.5s
#10 ...

#12 [srh 1/1] FROM docker.io/hiett/serverless-redis-http:latest@sha256:5b0bb9239fce53abf87b2018a7a0deb9ec7bd900c5360738fe5fbeeb426f9150
#12 sha256:be11eda08a582763e8617b5a7e456ea053a3d47554713405ee8c653f41160c44 13.63MB / 47.72MB 1308.6s
#12 sha256:be11eda08a582763e8617b5a7e456ea053a3d47554713405ee8c653f41160c44 13.63MB / 47.72MB 1313.6s
#12 ...

#10 [pssim 1/2] FROM docker.io/library/golang:1.23-alpine@sha256:383395b794dffa5b53012a212365d40c8e37109a626ca30d6151c8348d380b5f
#10 sha256:d5791340ef181f05ef1e99760e4be81cb2008d99b2bc1e56b2faa9b6295d0ac3 24.12MB / 74.07MB 1315.4s
#10 ...

#12 [srh 1/1] FROM docker.io/hiett/serverless-redis-http:latest@sha256:5b0bb9239fce53abf87b2018a7a0deb9ec7bd900c5360738fe5fbeeb426f9150
#12 sha256:be11eda08a582763e8617b5a7e456ea053a3d47554713405ee8c653f41160c44 13.63MB / 47.72MB 1318.6s
#12 sha256:be11eda08a582763e8617b5a7e456ea053a3d47554713405ee8c653f41160c44 13.63MB / 47.72MB 1323.6s
#12 ...

#10 [pssim 1/2] FROM docker.io/library/golang:1.23-alpine@sha256:383395b794dffa5b53012a212365d40c8e37109a626ca30d6151c8348d380b5f
#10 sha256:d5791340ef181f05ef1e99760e4be81cb2008d99b2bc1e56b2faa9b6295d0ac3 24.12MB / 74.07MB 1326.2s
#10 ...

#12 [srh 1/1] FROM docker.io/hiett/serverless-redis-http:latest@sha256:5b0bb9239fce53abf87b2018a7a0deb9ec7bd900c5360738fe5fbeeb426f9150
#12 sha256:be11eda08a582763e8617b5a7e456ea053a3d47554713405ee8c653f41160c44 13.63MB / 47.72MB 1328.6s
#12 sha256:be11eda08a582763e8617b5a7e456ea053a3d47554713405ee8c653f41160c44 13.63MB / 47.72MB 1333.7s
#12 ...

#10 [pssim 1/2] FROM docker.io/library/golang:1.23-alpine@sha256:383395b794dffa5b53012a212365d40c8e37109a626ca30d6151c8348d380b5f
#10 sha256:d5791340ef181f05ef1e99760e4be81cb2008d99b2bc1e56b2faa9b6295d0ac3 25.17MB / 74.07MB 1335.9s
#10 ...

#12 [srh 1/1] FROM docker.io/hiett/serverless-redis-http:latest@sha256:5b0bb9239fce53abf87b2018a7a0deb9ec7bd900c5360738fe5fbeeb426f9150
#12 sha256:be11eda08a582763e8617b5a7e456ea053a3d47554713405ee8c653f41160c44 14.68MB / 47.72MB 1338.9s
#12 sha256:be11eda08a582763e8617b5a7e456ea053a3d47554713405ee8c653f41160c44 14.68MB / 47.72MB 1343.9s
#12 ...

#10 [pssim 1/2] FROM docker.io/library/golang:1.23-alpine@sha256:383395b794dffa5b53012a212365d40c8e37109a626ca30d6151c8348d380b5f
#10 sha256:d5791340ef181f05ef1e99760e4be81cb2008d99b2bc1e56b2faa9b6295d0ac3 25.17MB / 74.07MB 1346.3s
#10 ...

#12 [srh 1/1] FROM docker.io/hiett/serverless-redis-http:latest@sha256:5b0bb9239fce53abf87b2018a7a0deb9ec7bd900c5360738fe5fbeeb426f9150
#12 sha256:be11eda08a582763e8617b5a7e456ea053a3d47554713405ee8c653f41160c44 14.68MB / 47.72MB 1349.1s
#12 sha256:be11eda08a582763e8617b5a7e456ea053a3d47554713405ee8c653f41160c44 14.68MB / 47.72MB 1354.5s
#12 ...

#10 [pssim 1/2] FROM docker.io/library/golang:1.23-alpine@sha256:383395b794dffa5b53012a212365d40c8e37109a626ca30d6151c8348d380b5f
#10 sha256:d5791340ef181f05ef1e99760e4be81cb2008d99b2bc1e56b2faa9b6295d0ac3 25.17MB / 74.07MB 1356.4s
#10 ...

#12 [srh 1/1] FROM docker.io/hiett/serverless-redis-http:latest@sha256:5b0bb9239fce53abf87b2018a7a0deb9ec7bd900c5360738fe5fbeeb426f9150
#12 sha256:be11eda08a582763e8617b5a7e456ea053a3d47554713405ee8c653f41160c44 14.68MB / 47.72MB 1359.6s
#12 sha256:be11eda08a582763e8617b5a7e456ea053a3d47554713405ee8c653f41160c44 14.68MB / 47.72MB 1364.7s
#12 ...

#10 [pssim 1/2] FROM docker.io/library/golang:1.23-alpine@sha256:383395b794dffa5b53012a212365d40c8e37109a626ca30d6151c8348d380b5f
#10 sha256:d5791340ef181f05ef1e99760e4be81cb2008d99b2bc1e56b2faa9b6295d0ac3 25.17MB / 74.07MB 1366.1s
#10 ...

#12 [srh 1/1] FROM docker.io/hiett/serverless-redis-http:latest@sha256:5b0bb9239fce53abf87b2018a7a0deb9ec7bd900c5360738fe5fbeeb426f9150
#12 sha256:be11eda08a582763e8617b5a7e456ea053a3d47554713405ee8c653f41160c44 14.68MB / 47.72MB 1369.7s
#12 sha256:be11eda08a582763e8617b5a7e456ea053a3d47554713405ee8c653f41160c44 15.73MB / 47.72MB 1374.8s
#12 ...

#10 [pssim 1/2] FROM docker.io/library/golang:1.23-alpine@sha256:383395b794dffa5b53012a212365d40c8e37109a626ca30d6151c8348d380b5f
#10 sha256:d5791340ef181f05ef1e99760e4be81cb2008d99b2bc1e56b2faa9b6295d0ac3 25.17MB / 74.07MB 1376.8s
#10 ...

#12 [srh 1/1] FROM docker.io/hiett/serverless-redis-http:latest@sha256:5b0bb9239fce53abf87b2018a7a0deb9ec7bd900c5360738fe5fbeeb426f9150
#12 sha256:be11eda08a582763e8617b5a7e456ea053a3d47554713405ee8c653f41160c44 15.73MB / 47.72MB 1379.9s
#12 sha256:be11eda08a582763e8617b5a7e456ea053a3d47554713405ee8c653f41160c44 15.73MB / 47.72MB 1384.9s
#12 ...

#10 [pssim 1/2] FROM docker.io/library/golang:1.23-alpine@sha256:383395b794dffa5b53012a212365d40c8e37109a626ca30d6151c8348d380b5f
#10 sha256:d5791340ef181f05ef1e99760e4be81cb2008d99b2bc1e56b2faa9b6295d0ac3 25.17MB / 74.07MB 1387.0s
#10 ...

#12 [srh 1/1] FROM docker.io/hiett/serverless-redis-http:latest@sha256:5b0bb9239fce53abf87b2018a7a0deb9ec7bd900c5360738fe5fbeeb426f9150
#12 sha256:be11eda08a582763e8617b5a7e456ea053a3d47554713405ee8c653f41160c44 15.73MB / 47.72MB 1390.0s
#12 sha256:be11eda08a582763e8617b5a7e456ea053a3d47554713405ee8c653f41160c44 15.73MB / 47.72MB 1395.1s
#12 ...

#10 [pssim 1/2] FROM docker.io/library/golang:1.23-alpine@sha256:383395b794dffa5b53012a212365d40c8e37109a626ca30d6151c8348d380b5f
#10 sha256:d5791340ef181f05ef1e99760e4be81cb2008d99b2bc1e56b2faa9b6295d0ac3 25.17MB / 74.07MB 1396.9s
#10 ...

#12 [srh 1/1] FROM docker.io/hiett/serverless-redis-http:latest@sha256:5b0bb9239fce53abf87b2018a7a0deb9ec7bd900c5360738fe5fbeeb426f9150
#12 sha256:be11eda08a582763e8617b5a7e456ea053a3d47554713405ee8c653f41160c44 15.73MB / 47.72MB 1400.3s
#12 sha256:be11eda08a582763e8617b5a7e456ea053a3d47554713405ee8c653f41160c44 15.73MB / 47.72MB 1405.4s
#12 ...

#10 [pssim 1/2] FROM docker.io/library/golang:1.23-alpine@sha256:383395b794dffa5b53012a212365d40c8e37109a626ca30d6151c8348d380b5f
#10 sha256:d5791340ef181f05ef1e99760e4be81cb2008d99b2bc1e56b2faa9b6295d0ac3 25.17MB / 74.07MB 1406.6s
#10 ...

#12 [srh 1/1] FROM docker.io/hiett/serverless-redis-http:latest@sha256:5b0bb9239fce53abf87b2018a7a0deb9ec7bd900c5360738fe5fbeeb426f9150
#12 sha256:be11eda08a582763e8617b5a7e456ea053a3d47554713405ee8c653f41160c44 16.78MB / 47.72MB 1410.5s
#12 sha256:be11eda08a582763e8617b5a7e456ea053a3d47554713405ee8c653f41160c44 16.78MB / 47.72MB 1415.7s
#12 ...

#10 [pssim 1/2] FROM docker.io/library/golang:1.23-alpine@sha256:383395b794dffa5b53012a212365d40c8e37109a626ca30d6151c8348d380b5f
#10 sha256:d5791340ef181f05ef1e99760e4be81cb2008d99b2bc1e56b2faa9b6295d0ac3 25.17MB / 74.07MB 1417.4s
#10 ...

#12 [srh 1/1] FROM docker.io/hiett/serverless-redis-http:latest@sha256:5b0bb9239fce53abf87b2018a7a0deb9ec7bd900c5360738fe5fbeeb426f9150
#12 sha256:be11eda08a582763e8617b5a7e456ea053a3d47554713405ee8c653f41160c44 16.78MB / 47.72MB 1422.3s
#12 ...

#10 [pssim 1/2] FROM docker.io/library/golang:1.23-alpine@sha256:383395b794dffa5b53012a212365d40c8e37109a626ca30d6151c8348d380b5f
#10 sha256:d5791340ef181f05ef1e99760e4be81cb2008d99b2bc1e56b2faa9b6295d0ac3 25.17MB / 74.07MB 1426.0s
#10 ...

#12 [srh 1/1] FROM docker.io/hiett/serverless-redis-http:latest@sha256:5b0bb9239fce53abf87b2018a7a0deb9ec7bd900c5360738fe5fbeeb426f9150
#12 sha256:be11eda08a582763e8617b5a7e456ea053a3d47554713405ee8c653f41160c44 16.78MB / 47.72MB 1427.5s
#12 sha256:be11eda08a582763e8617b5a7e456ea053a3d47554713405ee8c653f41160c44 16.78MB / 47.72MB 1432.8s
#12 ...

#10 [pssim 1/2] FROM docker.io/library/golang:1.23-alpine@sha256:383395b794dffa5b53012a212365d40c8e37109a626ca30d6151c8348d380b5f
#10 sha256:d5791340ef181f05ef1e99760e4be81cb2008d99b2bc1e56b2faa9b6295d0ac3 25.17MB / 74.07MB 1436.9s
#10 ...

#12 [srh 1/1] FROM docker.io/hiett/serverless-redis-http:latest@sha256:5b0bb9239fce53abf87b2018a7a0deb9ec7bd900c5360738fe5fbeeb426f9150
#12 sha256:be11eda08a582763e8617b5a7e456ea053a3d47554713405ee8c653f41160c44 16.78MB / 47.72MB 1438.0s
#12 sha256:be11eda08a582763e8617b5a7e456ea053a3d47554713405ee8c653f41160c44 16.78MB / 47.72MB 1443.0s
#12 sha256:be11eda08a582763e8617b5a7e456ea053a3d47554713405ee8c653f41160c44 16.78MB / 47.72MB 1448.0s
#12 ...

#10 [pssim 1/2] FROM docker.io/library/golang:1.23-alpine@sha256:383395b794dffa5b53012a212365d40c8e37109a626ca30d6151c8348d380b5f
#10 sha256:d5791340ef181f05ef1e99760e4be81cb2008d99b2bc1e56b2faa9b6295d0ac3 25.17MB / 74.07MB 1448.7s
#10 ...

#12 [srh 1/1] FROM docker.io/hiett/serverless-redis-http:latest@sha256:5b0bb9239fce53abf87b2018a7a0deb9ec7bd900c5360738fe5fbeeb426f9150
#12 sha256:be11eda08a582763e8617b5a7e456ea053a3d47554713405ee8c653f41160c44 17.83MB / 47.72MB 1453.4s
#12 ...

#10 [pssim 1/2] FROM docker.io/library/golang:1.23-alpine@sha256:383395b794dffa5b53012a212365d40c8e37109a626ca30d6151c8348d380b5f
#10 sha256:d5791340ef181f05ef1e99760e4be81cb2008d99b2bc1e56b2faa9b6295d0ac3 25.17MB / 74.07MB 1458.3s
#10 ...

#12 [srh 1/1] FROM docker.io/hiett/serverless-redis-http:latest@sha256:5b0bb9239fce53abf87b2018a7a0deb9ec7bd900c5360738fe5fbeeb426f9150
#12 sha256:be11eda08a582763e8617b5a7e456ea053a3d47554713405ee8c653f41160c44 17.83MB / 47.72MB 1459.0s
#12 sha256:be11eda08a582763e8617b5a7e456ea053a3d47554713405ee8c653f41160c44 17.83MB / 47.72MB 1464.2s
#12 sha256:be11eda08a582763e8617b5a7e456ea053a3d47554713405ee8c653f41160c44 17.83MB / 47.72MB 1469.3s
#12 ...

#10 [pssim 1/2] FROM docker.io/library/golang:1.23-alpine@sha256:383395b794dffa5b53012a212365d40c8e37109a626ca30d6151c8348d380b5f
#10 sha256:d5791340ef181f05ef1e99760e4be81cb2008d99b2bc1e56b2faa9b6295d0ac3 25.17MB / 74.07MB 1469.4s
#10 ...

#12 [srh 1/1] FROM docker.io/hiett/serverless-redis-http:latest@sha256:5b0bb9239fce53abf87b2018a7a0deb9ec7bd900c5360738fe5fbeeb426f9150
#12 sha256:be11eda08a582763e8617b5a7e456ea053a3d47554713405ee8c653f41160c44 17.83MB / 47.72MB 1474.4s
#12 ...

#10 [pssim 1/2] FROM docker.io/library/golang:1.23-alpine@sha256:383395b794dffa5b53012a212365d40c8e37109a626ca30d6151c8348d380b5f
#10 sha256:d5791340ef181f05ef1e99760e4be81cb2008d99b2bc1e56b2faa9b6295d0ac3 25.17MB / 74.07MB 1479.5s
#10 ...

#12 [srh 1/1] FROM docker.io/hiett/serverless-redis-http:latest@sha256:5b0bb9239fce53abf87b2018a7a0deb9ec7bd900c5360738fe5fbeeb426f9150
#12 sha256:be11eda08a582763e8617b5a7e456ea053a3d47554713405ee8c653f41160c44 17.83MB / 47.72MB 1479.5s
#12 sha256:be11eda08a582763e8617b5a7e456ea053a3d47554713405ee8c653f41160c44 17.83MB / 47.72MB 1485.2s
#12 sha256:be11eda08a582763e8617b5a7e456ea053a3d47554713405ee8c653f41160c44 17.83MB / 47.72MB 1490.2s
#12 ...

#10 [pssim 1/2] FROM docker.io/library/golang:1.23-alpine@sha256:383395b794dffa5b53012a212365d40c8e37109a626ca30d6151c8348d380b5f
#10 sha256:d5791340ef181f05ef1e99760e4be81cb2008d99b2bc1e56b2faa9b6295d0ac3 25.17MB / 74.07MB 1490.3s
#10 ...

#12 [srh 1/1] FROM docker.io/hiett/serverless-redis-http:latest@sha256:5b0bb9239fce53abf87b2018a7a0deb9ec7bd900c5360738fe5fbeeb426f9150
#12 sha256:be11eda08a582763e8617b5a7e456ea053a3d47554713405ee8c653f41160c44 17.83MB / 47.72MB 1495.5s
#12 sha256:be11eda08a582763e8617b5a7e456ea053a3d47554713405ee8c653f41160c44 17.83MB / 47.72MB 1500.7s
#12 ...

#10 [pssim 1/2] FROM docker.io/library/golang:1.23-alpine@sha256:383395b794dffa5b53012a212365d40c8e37109a626ca30d6151c8348d380b5f
#10 sha256:d5791340ef181f05ef1e99760e4be81cb2008d99b2bc1e56b2faa9b6295d0ac3 25.17MB / 74.07MB 1501.0s
#10 ...

#12 [srh 1/1] FROM docker.io/hiett/serverless-redis-http:latest@sha256:5b0bb9239fce53abf87b2018a7a0deb9ec7bd900c5360738fe5fbeeb426f9150
#12 sha256:be11eda08a582763e8617b5a7e456ea053a3d47554713405ee8c653f41160c44 17.83MB / 47.72MB 1505.8s
#12 sha256:be11eda08a582763e8617b5a7e456ea053a3d47554713405ee8c653f41160c44 17.83MB / 47.72MB 1511.2s
#12 ...

#10 [pssim 1/2] FROM docker.io/library/golang:1.23-alpine@sha256:383395b794dffa5b53012a212365d40c8e37109a626ca30d6151c8348d380b5f
#10 sha256:d5791340ef181f05ef1e99760e4be81cb2008d99b2bc1e56b2faa9b6295d0ac3 25.17MB / 74.07MB 1511.7s
#10 ...

#12 [srh 1/1] FROM docker.io/hiett/serverless-redis-http:latest@sha256:5b0bb9239fce53abf87b2018a7a0deb9ec7bd900c5360738fe5fbeeb426f9150
#12 sha256:be11eda08a582763e8617b5a7e456ea053a3d47554713405ee8c653f41160c44 17.83MB / 47.72MB 1517.4s
#12 ...

#10 [pssim 1/2] FROM docker.io/library/golang:1.23-alpine@sha256:383395b794dffa5b53012a212365d40c8e37109a626ca30d6151c8348d380b5f
#10 sha256:d5791340ef181f05ef1e99760e4be81cb2008d99b2bc1e56b2faa9b6295d0ac3 25.17MB / 74.07MB 1522.0s
#10 ...

#12 [srh 1/1] FROM docker.io/hiett/serverless-redis-http:latest@sha256:5b0bb9239fce53abf87b2018a7a0deb9ec7bd900c5360738fe5fbeeb426f9150
#12 sha256:be11eda08a582763e8617b5a7e456ea053a3d47554713405ee8c653f41160c44 17.83MB / 47.72MB 1522.7s
#12 sha256:be11eda08a582763e8617b5a7e456ea053a3d47554713405ee8c653f41160c44 17.83MB / 47.72MB 1527.8s
#12 ...

#10 [pssim 1/2] FROM docker.io/library/golang:1.23-alpine@sha256:383395b794dffa5b53012a212365d40c8e37109a626ca30d6151c8348d380b5f
#10 sha256:d5791340ef181f05ef1e99760e4be81cb2008d99b2bc1e56b2faa9b6295d0ac3 26.21MB / 74.07MB 1532.0s
#10 sha256:d5791340ef181f05ef1e99760e4be81cb2008d99b2bc1e56b2faa9b6295d0ac3 26.21MB / 74.07MB 1539.1s
#10 ...

#12 [srh 1/1] FROM docker.io/hiett/serverless-redis-http:latest@sha256:5b0bb9239fce53abf87b2018a7a0deb9ec7bd900c5360738fe5fbeeb426f9150
#12 sha256:be11eda08a582763e8617b5a7e456ea053a3d47554713405ee8c653f41160c44 17.83MB / 47.72MB 1542.0s
#12 ...

#10 [pssim 1/2] FROM docker.io/library/golang:1.23-alpine@sha256:383395b794dffa5b53012a212365d40c8e37109a626ca30d6151c8348d380b5f
#10 sha256:d5791340ef181f05ef1e99760e4be81cb2008d99b2bc1e56b2faa9b6295d0ac3 26.21MB / 74.07MB 1544.6s
#10 sha256:d5791340ef181f05ef1e99760e4be81cb2008d99b2bc1e56b2faa9b6295d0ac3 26.21MB / 74.07MB 1549.9s
#10 ...

#12 [srh 1/1] FROM docker.io/hiett/serverless-redis-http:latest@sha256:5b0bb9239fce53abf87b2018a7a0deb9ec7bd900c5360738fe5fbeeb426f9150
#12 sha256:be11eda08a582763e8617b5a7e456ea053a3d47554713405ee8c653f41160c44 17.83MB / 47.72MB 1551.1s
#12 ...

#10 [pssim 1/2] FROM docker.io/library/golang:1.23-alpine@sha256:383395b794dffa5b53012a212365d40c8e37109a626ca30d6151c8348d380b5f
#10 sha256:d5791340ef181f05ef1e99760e4be81cb2008d99b2bc1e56b2faa9b6295d0ac3 26.21MB / 74.07MB 1556.4s
#10 sha256:d5791340ef181f05ef1e99760e4be81cb2008d99b2bc1e56b2faa9b6295d0ac3 27.26MB / 74.07MB 1561.4s
#10 ...

#12 [srh 1/1] FROM docker.io/hiett/serverless-redis-http:latest@sha256:5b0bb9239fce53abf87b2018a7a0deb9ec7bd900c5360738fe5fbeeb426f9150
#12 sha256:be11eda08a582763e8617b5a7e456ea053a3d47554713405ee8c653f41160c44 17.83MB / 47.72MB 1561.3s
#12 ...

#10 [pssim 1/2] FROM docker.io/library/golang:1.23-alpine@sha256:383395b794dffa5b53012a212365d40c8e37109a626ca30d6151c8348d380b5f
#10 sha256:d5791340ef181f05ef1e99760e4be81cb2008d99b2bc1e56b2faa9b6295d0ac3 27.26MB / 74.07MB 1566.5s
#10 ...

#12 [srh 1/1] FROM docker.io/hiett/serverless-redis-http:latest@sha256:5b0bb9239fce53abf87b2018a7a0deb9ec7bd900c5360738fe5fbeeb426f9150
#12 sha256:be11eda08a582763e8617b5a7e456ea053a3d47554713405ee8c653f41160c44 17.83MB / 47.72MB 1568.3s
#12 ...

#10 [pssim 1/2] FROM docker.io/library/golang:1.23-alpine@sha256:383395b794dffa5b53012a212365d40c8e37109a626ca30d6151c8348d380b5f
#10 sha256:d5791340ef181f05ef1e99760e4be81cb2008d99b2bc1e56b2faa9b6295d0ac3 27.26MB / 74.07MB 1575.1s
#10 sha256:d5791340ef181f05ef1e99760e4be81cb2008d99b2bc1e56b2faa9b6295d0ac3 27.26MB / 74.07MB 1580.2s
#10 ...

#12 [srh 1/1] FROM docker.io/hiett/serverless-redis-http:latest@sha256:5b0bb9239fce53abf87b2018a7a0deb9ec7bd900c5360738fe5fbeeb426f9150
#12 sha256:be11eda08a582763e8617b5a7e456ea053a3d47554713405ee8c653f41160c44 17.83MB / 47.72MB 1583.5s
#12 ...

#10 [pssim 1/2] FROM docker.io/library/golang:1.23-alpine@sha256:383395b794dffa5b53012a212365d40c8e37109a626ca30d6151c8348d380b5f
#10 sha256:d5791340ef181f05ef1e99760e4be81cb2008d99b2bc1e56b2faa9b6295d0ac3 27.26MB / 74.07MB 1585.2s
#10 sha256:d5791340ef181f05ef1e99760e4be81cb2008d99b2bc1e56b2faa9b6295d0ac3 27.26MB / 74.07MB 1590.3s
#10 ...

#12 [srh 1/1] FROM docker.io/hiett/serverless-redis-http:latest@sha256:5b0bb9239fce53abf87b2018a7a0deb9ec7bd900c5360738fe5fbeeb426f9150
#12 sha256:be11eda08a582763e8617b5a7e456ea053a3d47554713405ee8c653f41160c44 17.83MB / 47.72MB 1592.4s
#12 ...

#10 [pssim 1/2] FROM docker.io/library/golang:1.23-alpine@sha256:383395b794dffa5b53012a212365d40c8e37109a626ca30d6151c8348d380b5f
#10 sha256:d5791340ef181f05ef1e99760e4be81cb2008d99b2bc1e56b2faa9b6295d0ac3 27.26MB / 74.07MB 1596.0s
#10 sha256:d5791340ef181f05ef1e99760e4be81cb2008d99b2bc1e56b2faa9b6295d0ac3 27.26MB / 74.07MB 1601.2s
#10 ...

#12 [srh 1/1] FROM docker.io/hiett/serverless-redis-http:latest@sha256:5b0bb9239fce53abf87b2018a7a0deb9ec7bd900c5360738fe5fbeeb426f9150
#12 sha256:be11eda08a582763e8617b5a7e456ea053a3d47554713405ee8c653f41160c44 17.83MB / 47.72MB 1603.5s
#12 ...

#10 [pssim 1/2] FROM docker.io/library/golang:1.23-alpine@sha256:383395b794dffa5b53012a212365d40c8e37109a626ca30d6151c8348d380b5f
#10 sha256:d5791340ef181f05ef1e99760e4be81cb2008d99b2bc1e56b2faa9b6295d0ac3 28.31MB / 74.07MB 1606.2s
#10 sha256:d5791340ef181f05ef1e99760e4be81cb2008d99b2bc1e56b2faa9b6295d0ac3 28.31MB / 74.07MB 1611.5s
#10 ...

#12 [srh 1/1] FROM docker.io/hiett/serverless-redis-http:latest@sha256:5b0bb9239fce53abf87b2018a7a0deb9ec7bd900c5360738fe5fbeeb426f9150
#12 sha256:be11eda08a582763e8617b5a7e456ea053a3d47554713405ee8c653f41160c44 17.83MB / 47.72MB 1614.2s
#12 ...

#10 [pssim 1/2] FROM docker.io/library/golang:1.23-alpine@sha256:383395b794dffa5b53012a212365d40c8e37109a626ca30d6151c8348d380b5f
#10 sha256:d5791340ef181f05ef1e99760e4be81cb2008d99b2bc1e56b2faa9b6295d0ac3 28.31MB / 74.07MB 1616.5s
#10 sha256:d5791340ef181f05ef1e99760e4be81cb2008d99b2bc1e56b2faa9b6295d0ac3 28.31MB / 74.07MB 1622.0s
#10 ...

#12 [srh 1/1] FROM docker.io/hiett/serverless-redis-http:latest@sha256:5b0bb9239fce53abf87b2018a7a0deb9ec7bd900c5360738fe5fbeeb426f9150
#12 sha256:be11eda08a582763e8617b5a7e456ea053a3d47554713405ee8c653f41160c44 17.83MB / 47.72MB 1623.9s
#12 ...

#10 [pssim 1/2] FROM docker.io/library/golang:1.23-alpine@sha256:383395b794dffa5b53012a212365d40c8e37109a626ca30d6151c8348d380b5f
#10 sha256:d5791340ef181f05ef1e99760e4be81cb2008d99b2bc1e56b2faa9b6295d0ac3 28.31MB / 74.07MB 1627.7s
#10 sha256:d5791340ef181f05ef1e99760e4be81cb2008d99b2bc1e56b2faa9b6295d0ac3 28.31MB / 74.07MB 1632.9s
#10 sha256:d5791340ef181f05ef1e99760e4be81cb2008d99b2bc1e56b2faa9b6295d0ac3 28.31MB / 74.07MB 1637.9s
#10 ...

#12 [srh 1/1] FROM docker.io/hiett/serverless-redis-http:latest@sha256:5b0bb9239fce53abf87b2018a7a0deb9ec7bd900c5360738fe5fbeeb426f9150
#12 sha256:be11eda08a582763e8617b5a7e456ea053a3d47554713405ee8c653f41160c44 18.87MB / 47.72MB 1638.0s
#12 ...

#10 [pssim 1/2] FROM docker.io/library/golang:1.23-alpine@sha256:383395b794dffa5b53012a212365d40c8e37109a626ca30d6151c8348d380b5f
#10 sha256:d5791340ef181f05ef1e99760e4be81cb2008d99b2bc1e56b2faa9b6295d0ac3 28.31MB / 74.07MB 1643.0s
#10 sha256:d5791340ef181f05ef1e99760e4be81cb2008d99b2bc1e56b2faa9b6295d0ac3 28.31MB / 74.07MB 1648.1s
#10 ...

#12 [srh 1/1] FROM docker.io/hiett/serverless-redis-http:latest@sha256:5b0bb9239fce53abf87b2018a7a0deb9ec7bd900c5360738fe5fbeeb426f9150
#12 sha256:be11eda08a582763e8617b5a7e456ea053a3d47554713405ee8c653f41160c44 18.87MB / 47.72MB 1648.2s
#12 ...

#10 [pssim 1/2] FROM docker.io/library/golang:1.23-alpine@sha256:383395b794dffa5b53012a212365d40c8e37109a626ca30d6151c8348d380b5f
#10 sha256:d5791340ef181f05ef1e99760e4be81cb2008d99b2bc1e56b2faa9b6295d0ac3 29.36MB / 74.07MB 1653.1s
#10 sha256:d5791340ef181f05ef1e99760e4be81cb2008d99b2bc1e56b2faa9b6295d0ac3 29.36MB / 74.07MB 1658.3s
#10 ...

#12 [srh 1/1] FROM docker.io/hiett/serverless-redis-http:latest@sha256:5b0bb9239fce53abf87b2018a7a0deb9ec7bd900c5360738fe5fbeeb426f9150
#12 sha256:be11eda08a582763e8617b5a7e456ea053a3d47554713405ee8c653f41160c44 19.92MB / 47.72MB 1658.2s
#12 ...

#10 [pssim 1/2] FROM docker.io/library/golang:1.23-alpine@sha256:383395b794dffa5b53012a212365d40c8e37109a626ca30d6151c8348d380b5f
#10 sha256:d5791340ef181f05ef1e99760e4be81cb2008d99b2bc1e56b2faa9b6295d0ac3 29.36MB / 74.07MB 1663.4s
#10 sha256:d5791340ef181f05ef1e99760e4be81cb2008d99b2bc1e56b2faa9b6295d0ac3 29.36MB / 74.07MB 1668.5s
#10 ...

#12 [srh 1/1] FROM docker.io/hiett/serverless-redis-http:latest@sha256:5b0bb9239fce53abf87b2018a7a0deb9ec7bd900c5360738fe5fbeeb426f9150
#12 sha256:be11eda08a582763e8617b5a7e456ea053a3d47554713405ee8c653f41160c44 19.92MB / 47.72MB 1669.7s
#12 ...

#10 [pssim 1/2] FROM docker.io/library/golang:1.23-alpine@sha256:383395b794dffa5b53012a212365d40c8e37109a626ca30d6151c8348d380b5f
#10 sha256:d5791340ef181f05ef1e99760e4be81cb2008d99b2bc1e56b2faa9b6295d0ac3 29.36MB / 74.07MB 1673.6s
#10 sha256:d5791340ef181f05ef1e99760e4be81cb2008d99b2bc1e56b2faa9b6295d0ac3 29.36MB / 74.07MB 1678.9s
#10 ...

#12 [srh 1/1] FROM docker.io/hiett/serverless-redis-http:latest@sha256:5b0bb9239fce53abf87b2018a7a0deb9ec7bd900c5360738fe5fbeeb426f9150
#12 sha256:be11eda08a582763e8617b5a7e456ea053a3d47554713405ee8c653f41160c44 19.92MB / 47.72MB 1679.7s
#12 ...

#10 [pssim 1/2] FROM docker.io/library/golang:1.23-alpine@sha256:383395b794dffa5b53012a212365d40c8e37109a626ca30d6151c8348d380b5f
#10 sha256:d5791340ef181f05ef1e99760e4be81cb2008d99b2bc1e56b2faa9b6295d0ac3 29.36MB / 74.07MB 1683.9s
#10 sha256:d5791340ef181f05ef1e99760e4be81cb2008d99b2bc1e56b2faa9b6295d0ac3 29.36MB / 74.07MB 1688.9s
#10 ...

#12 [srh 1/1] FROM docker.io/hiett/serverless-redis-http:latest@sha256:5b0bb9239fce53abf87b2018a7a0deb9ec7bd900c5360738fe5fbeeb426f9150
#12 sha256:be11eda08a582763e8617b5a7e456ea053a3d47554713405ee8c653f41160c44 19.92MB / 47.72MB 1689.6s
#12 ...

#10 [pssim 1/2] FROM docker.io/library/golang:1.23-alpine@sha256:383395b794dffa5b53012a212365d40c8e37109a626ca30d6151c8348d380b5f
#10 sha256:d5791340ef181f05ef1e99760e4be81cb2008d99b2bc1e56b2faa9b6295d0ac3 30.41MB / 74.07MB 1693.9s
#10 sha256:d5791340ef181f05ef1e99760e4be81cb2008d99b2bc1e56b2faa9b6295d0ac3 30.41MB / 74.07MB 1699.3s
#10 ...

#12 [srh 1/1] FROM docker.io/hiett/serverless-redis-http:latest@sha256:5b0bb9239fce53abf87b2018a7a0deb9ec7bd900c5360738fe5fbeeb426f9150
#12 sha256:be11eda08a582763e8617b5a7e456ea053a3d47554713405ee8c653f41160c44 20.97MB / 47.72MB 1699.9s
#12 ...

#10 [pssim 1/2] FROM docker.io/library/golang:1.23-alpine@sha256:383395b794dffa5b53012a212365d40c8e37109a626ca30d6151c8348d380b5f
#10 sha256:d5791340ef181f05ef1e99760e4be81cb2008d99b2bc1e56b2faa9b6295d0ac3 30.41MB / 74.07MB 1704.3s
#10 sha256:d5791340ef181f05ef1e99760e4be81cb2008d99b2bc1e56b2faa9b6295d0ac3 30.41MB / 74.07MB 1709.4s
#10 ...

#12 [srh 1/1] FROM docker.io/hiett/serverless-redis-http:latest@sha256:5b0bb9239fce53abf87b2018a7a0deb9ec7bd900c5360738fe5fbeeb426f9150
#12 sha256:be11eda08a582763e8617b5a7e456ea053a3d47554713405ee8c653f41160c44 20.97MB / 47.72MB 1709.8s
#12 ...

#10 [pssim 1/2] FROM docker.io/library/golang:1.23-alpine@sha256:383395b794dffa5b53012a212365d40c8e37109a626ca30d6151c8348d380b5f
#10 sha256:d5791340ef181f05ef1e99760e4be81cb2008d99b2bc1e56b2faa9b6295d0ac3 30.41MB / 74.07MB 1714.4s
#10 sha256:d5791340ef181f05ef1e99760e4be81cb2008d99b2bc1e56b2faa9b6295d0ac3 30.41MB / 74.07MB 1719.5s
#10 ...

#12 [srh 1/1] FROM docker.io/hiett/serverless-redis-http:latest@sha256:5b0bb9239fce53abf87b2018a7a0deb9ec7bd900c5360738fe5fbeeb426f9150
#12 sha256:be11eda08a582763e8617b5a7e456ea053a3d47554713405ee8c653f41160c44 20.97MB / 47.72MB 1720.6s
#12 ...

#10 [pssim 1/2] FROM docker.io/library/golang:1.23-alpine@sha256:383395b794dffa5b53012a212365d40c8e37109a626ca30d6151c8348d380b5f
#10 sha256:d5791340ef181f05ef1e99760e4be81cb2008d99b2bc1e56b2faa9b6295d0ac3 30.41MB / 74.07MB 1724.6s
#10 sha256:d5791340ef181f05ef1e99760e4be81cb2008d99b2bc1e56b2faa9b6295d0ac3 30.41MB / 74.07MB 1729.6s
#10 ...

#12 [srh 1/1] FROM docker.io/hiett/serverless-redis-http:latest@sha256:5b0bb9239fce53abf87b2018a7a0deb9ec7bd900c5360738fe5fbeeb426f9150
#12 sha256:be11eda08a582763e8617b5a7e456ea053a3d47554713405ee8c653f41160c44 20.97MB / 47.72MB 1730.3s
#12 ...

#10 [pssim 1/2] FROM docker.io/library/golang:1.23-alpine@sha256:383395b794dffa5b53012a212365d40c8e37109a626ca30d6151c8348d380b5f
#10 sha256:d5791340ef181f05ef1e99760e4be81cb2008d99b2bc1e56b2faa9b6295d0ac3 30.41MB / 74.07MB 1734.6s
#10 sha256:d5791340ef181f05ef1e99760e4be81cb2008d99b2bc1e56b2faa9b6295d0ac3 30.41MB / 74.07MB 1739.6s
#10 ...

#12 [srh 1/1] FROM docker.io/hiett/serverless-redis-http:latest@sha256:5b0bb9239fce53abf87b2018a7a0deb9ec7bd900c5360738fe5fbeeb426f9150
#12 sha256:be11eda08a582763e8617b5a7e456ea053a3d47554713405ee8c653f41160c44 20.97MB / 47.72MB 1740.7s
#12 ...

#10 [pssim 1/2] FROM docker.io/library/golang:1.23-alpine@sha256:383395b794dffa5b53012a212365d40c8e37109a626ca30d6151c8348d380b5f
#10 sha256:d5791340ef181f05ef1e99760e4be81cb2008d99b2bc1e56b2faa9b6295d0ac3 30.41MB / 74.07MB 1744.7s
#10 sha256:d5791340ef181f05ef1e99760e4be81cb2008d99b2bc1e56b2faa9b6295d0ac3 30.41MB / 74.07MB 1749.7s
#10 ...

#12 [srh 1/1] FROM docker.io/hiett/serverless-redis-http:latest@sha256:5b0bb9239fce53abf87b2018a7a0deb9ec7bd900c5360738fe5fbeeb426f9150
#12 sha256:be11eda08a582763e8617b5a7e456ea053a3d47554713405ee8c653f41160c44 20.97MB / 47.72MB 1750.5s
#12 ...

#10 [pssim 1/2] FROM docker.io/library/golang:1.23-alpine@sha256:383395b794dffa5b53012a212365d40c8e37109a626ca30d6151c8348d380b5f
#10 sha256:d5791340ef181f05ef1e99760e4be81cb2008d99b2bc1e56b2faa9b6295d0ac3 30.41MB / 74.07MB 1754.8s
#10 sha256:d5791340ef181f05ef1e99760e4be81cb2008d99b2bc1e56b2faa9b6295d0ac3 30.41MB / 74.07MB 1759.8s
#10 ...

#12 [srh 1/1] FROM docker.io/hiett/serverless-redis-http:latest@sha256:5b0bb9239fce53abf87b2018a7a0deb9ec7bd900c5360738fe5fbeeb426f9150
#12 sha256:be11eda08a582763e8617b5a7e456ea053a3d47554713405ee8c653f41160c44 20.97MB / 47.72MB 1760.4s
#12 ...

#10 [pssim 1/2] FROM docker.io/library/golang:1.23-alpine@sha256:383395b794dffa5b53012a212365d40c8e37109a626ca30d6151c8348d380b5f
#10 sha256:d5791340ef181f05ef1e99760e4be81cb2008d99b2bc1e56b2faa9b6295d0ac3 30.41MB / 74.07MB 1764.9s
#10 sha256:d5791340ef181f05ef1e99760e4be81cb2008d99b2bc1e56b2faa9b6295d0ac3 30.41MB / 74.07MB 1769.9s
#10 ...

#12 [srh 1/1] FROM docker.io/hiett/serverless-redis-http:latest@sha256:5b0bb9239fce53abf87b2018a7a0deb9ec7bd900c5360738fe5fbeeb426f9150
#12 sha256:be11eda08a582763e8617b5a7e456ea053a3d47554713405ee8c653f41160c44 20.97MB / 47.72MB 1770.8s
#12 ...

#10 [pssim 1/2] FROM docker.io/library/golang:1.23-alpine@sha256:383395b794dffa5b53012a212365d40c8e37109a626ca30d6151c8348d380b5f
#10 sha256:d5791340ef181f05ef1e99760e4be81cb2008d99b2bc1e56b2faa9b6295d0ac3 30.41MB / 74.07MB 1775.0s
#10 sha256:d5791340ef181f05ef1e99760e4be81cb2008d99b2bc1e56b2faa9b6295d0ac3 30.41MB / 74.07MB 1780.0s
#10 ...

#12 [srh 1/1] FROM docker.io/hiett/serverless-redis-http:latest@sha256:5b0bb9239fce53abf87b2018a7a0deb9ec7bd900c5360738fe5fbeeb426f9150
#12 sha256:be11eda08a582763e8617b5a7e456ea053a3d47554713405ee8c653f41160c44 20.97MB / 47.72MB 1780.7s
#12 ...

#10 [pssim 1/2] FROM docker.io/library/golang:1.23-alpine@sha256:383395b794dffa5b53012a212365d40c8e37109a626ca30d6151c8348d380b5f
#10 sha256:d5791340ef181f05ef1e99760e4be81cb2008d99b2bc1e56b2faa9b6295d0ac3 30.41MB / 74.07MB 1785.1s
#10 sha256:d5791340ef181f05ef1e99760e4be81cb2008d99b2bc1e56b2faa9b6295d0ac3 30.41MB / 74.07MB 1790.2s
#10 ...

#12 [srh 1/1] FROM docker.io/hiett/serverless-redis-http:latest@sha256:5b0bb9239fce53abf87b2018a7a0deb9ec7bd900c5360738fe5fbeeb426f9150
#12 sha256:be11eda08a582763e8617b5a7e456ea053a3d47554713405ee8c653f41160c44 20.97MB / 47.72MB 1790.7s
#12 ...

#10 [pssim 1/2] FROM docker.io/library/golang:1.23-alpine@sha256:383395b794dffa5b53012a212365d40c8e37109a626ca30d6151c8348d380b5f
#10 sha256:d5791340ef181f05ef1e99760e4be81cb2008d99b2bc1e56b2faa9b6295d0ac3 30.41MB / 74.07MB 1795.3s
#10 sha256:d5791340ef181f05ef1e99760e4be81cb2008d99b2bc1e56b2faa9b6295d0ac3 30.41MB / 74.07MB 1800.4s
#10 ...

#12 [srh 1/1] FROM docker.io/hiett/serverless-redis-http:latest@sha256:5b0bb9239fce53abf87b2018a7a0deb9ec7bd900c5360738fe5fbeeb426f9150
#12 sha256:be11eda08a582763e8617b5a7e456ea053a3d47554713405ee8c653f41160c44 20.97MB / 47.72MB 1801.5s
#12 ...

#10 [pssim 1/2] FROM docker.io/library/golang:1.23-alpine@sha256:383395b794dffa5b53012a212365d40c8e37109a626ca30d6151c8348d380b5f
#10 sha256:d5791340ef181f05ef1e99760e4be81cb2008d99b2bc1e56b2faa9b6295d0ac3 30.41MB / 74.07MB 1805.5s
#10 sha256:d5791340ef181f05ef1e99760e4be81cb2008d99b2bc1e56b2faa9b6295d0ac3 30.41MB / 74.07MB 1810.5s
#10 ...

#12 [srh 1/1] FROM docker.io/hiett/serverless-redis-http:latest@sha256:5b0bb9239fce53abf87b2018a7a0deb9ec7bd900c5360738fe5fbeeb426f9150
#12 sha256:be11eda08a582763e8617b5a7e456ea053a3d47554713405ee8c653f41160c44 20.97MB / 47.72MB 1812.1s
#12 ...

#10 [pssim 1/2] FROM docker.io/library/golang:1.23-alpine@sha256:383395b794dffa5b53012a212365d40c8e37109a626ca30d6151c8348d380b5f
#10 sha256:d5791340ef181f05ef1e99760e4be81cb2008d99b2bc1e56b2faa9b6295d0ac3 30.41MB / 74.07MB 1815.6s
#10 sha256:d5791340ef181f05ef1e99760e4be81cb2008d99b2bc1e56b2faa9b6295d0ac3 30.41MB / 74.07MB 1820.6s
#10 ...

#12 [srh 1/1] FROM docker.io/hiett/serverless-redis-http:latest@sha256:5b0bb9239fce53abf87b2018a7a0deb9ec7bd900c5360738fe5fbeeb426f9150
#12 sha256:be11eda08a582763e8617b5a7e456ea053a3d47554713405ee8c653f41160c44 20.97MB / 47.72MB 1822.0s
#12 ...

#10 [pssim 1/2] FROM docker.io/library/golang:1.23-alpine@sha256:383395b794dffa5b53012a212365d40c8e37109a626ca30d6151c8348d380b5f
#10 sha256:d5791340ef181f05ef1e99760e4be81cb2008d99b2bc1e56b2faa9b6295d0ac3 30.41MB / 74.07MB 1825.7s
#10 sha256:d5791340ef181f05ef1e99760e4be81cb2008d99b2bc1e56b2faa9b6295d0ac3 30.41MB / 74.07MB 1830.7s
#10 ...

#12 [srh 1/1] FROM docker.io/hiett/serverless-redis-http:latest@sha256:5b0bb9239fce53abf87b2018a7a0deb9ec7bd900c5360738fe5fbeeb426f9150
#12 sha256:be11eda08a582763e8617b5a7e456ea053a3d47554713405ee8c653f41160c44 20.97MB / 47.72MB 1832.5s
#12 ...

#10 [pssim 1/2] FROM docker.io/library/golang:1.23-alpine@sha256:383395b794dffa5b53012a212365d40c8e37109a626ca30d6151c8348d380b5f
#10 sha256:d5791340ef181f05ef1e99760e4be81cb2008d99b2bc1e56b2faa9b6295d0ac3 30.41MB / 74.07MB 1835.8s
#10 sha256:d5791340ef181f05ef1e99760e4be81cb2008d99b2bc1e56b2faa9b6295d0ac3 30.41MB / 74.07MB 1840.9s
#10 ...

#12 [srh 1/1] FROM docker.io/hiett/serverless-redis-http:latest@sha256:5b0bb9239fce53abf87b2018a7a0deb9ec7bd900c5360738fe5fbeeb426f9150
#12 sha256:be11eda08a582763e8617b5a7e456ea053a3d47554713405ee8c653f41160c44 20.97MB / 47.72MB 1842.4s
#12 ...

#10 [pssim 1/2] FROM docker.io/library/golang:1.23-alpine@sha256:383395b794dffa5b53012a212365d40c8e37109a626ca30d6151c8348d380b5f
#10 sha256:d5791340ef181f05ef1e99760e4be81cb2008d99b2bc1e56b2faa9b6295d0ac3 30.41MB / 74.07MB 1846.0s
#10 sha256:d5791340ef181f05ef1e99760e4be81cb2008d99b2bc1e56b2faa9b6295d0ac3 30.41MB / 74.07MB 1851.2s
#10 ...

#12 [srh 1/1] FROM docker.io/hiett/serverless-redis-http:latest@sha256:5b0bb9239fce53abf87b2018a7a0deb9ec7bd900c5360738fe5fbeeb426f9150
#12 sha256:be11eda08a582763e8617b5a7e456ea053a3d47554713405ee8c653f41160c44 20.97MB / 47.72MB 1852.3s
#12 ...

#10 [pssim 1/2] FROM docker.io/library/golang:1.23-alpine@sha256:383395b794dffa5b53012a212365d40c8e37109a626ca30d6151c8348d380b5f
#10 sha256:d5791340ef181f05ef1e99760e4be81cb2008d99b2bc1e56b2faa9b6295d0ac3 30.41MB / 74.07MB 1856.2s
#10 sha256:d5791340ef181f05ef1e99760e4be81cb2008d99b2bc1e56b2faa9b6295d0ac3 30.41MB / 74.07MB 1861.3s
#10 ...

#12 [srh 1/1] FROM docker.io/hiett/serverless-redis-http:latest@sha256:5b0bb9239fce53abf87b2018a7a0deb9ec7bd900c5360738fe5fbeeb426f9150
#12 sha256:be11eda08a582763e8617b5a7e456ea053a3d47554713405ee8c653f41160c44 20.97MB / 47.72MB 1862.6s
#12 ...

#10 [pssim 1/2] FROM docker.io/library/golang:1.23-alpine@sha256:383395b794dffa5b53012a212365d40c8e37109a626ca30d6151c8348d380b5f
#10 sha256:d5791340ef181f05ef1e99760e4be81cb2008d99b2bc1e56b2faa9b6295d0ac3 30.41MB / 74.07MB 1866.3s
#10 sha256:d5791340ef181f05ef1e99760e4be81cb2008d99b2bc1e56b2faa9b6295d0ac3 30.41MB / 74.07MB 1871.4s
#10 ...

#12 [srh 1/1] FROM docker.io/hiett/serverless-redis-http:latest@sha256:5b0bb9239fce53abf87b2018a7a0deb9ec7bd900c5360738fe5fbeeb426f9150
#12 sha256:be11eda08a582763e8617b5a7e456ea053a3d47554713405ee8c653f41160c44 20.97MB / 47.72MB 1873.4s
#12 ...

#10 [pssim 1/2] FROM docker.io/library/golang:1.23-alpine@sha256:383395b794dffa5b53012a212365d40c8e37109a626ca30d6151c8348d380b5f
#10 sha256:d5791340ef181f05ef1e99760e4be81cb2008d99b2bc1e56b2faa9b6295d0ac3 30.41MB / 74.07MB 1876.4s
#10 sha256:d5791340ef181f05ef1e99760e4be81cb2008d99b2bc1e56b2faa9b6295d0ac3 31.46MB / 74.07MB 1881.5s
#10 ...

#12 [srh 1/1] FROM docker.io/hiett/serverless-redis-http:latest@sha256:5b0bb9239fce53abf87b2018a7a0deb9ec7bd900c5360738fe5fbeeb426f9150
#12 sha256:be11eda08a582763e8617b5a7e456ea053a3d47554713405ee8c653f41160c44 22.02MB / 47.72MB 1883.3s
#12 ...

#10 [pssim 1/2] FROM docker.io/library/golang:1.23-alpine@sha256:383395b794dffa5b53012a212365d40c8e37109a626ca30d6151c8348d380b5f
#10 sha256:d5791340ef181f05ef1e99760e4be81cb2008d99b2bc1e56b2faa9b6295d0ac3 31.46MB / 74.07MB 1886.6s
#10 sha256:d5791340ef181f05ef1e99760e4be81cb2008d99b2bc1e56b2faa9b6295d0ac3 31.46MB / 74.07MB 1891.7s
#10 ...

#12 [srh 1/1] FROM docker.io/hiett/serverless-redis-http:latest@sha256:5b0bb9239fce53abf87b2018a7a0deb9ec7bd900c5360738fe5fbeeb426f9150
#12 sha256:be11eda08a582763e8617b5a7e456ea053a3d47554713405ee8c653f41160c44 22.02MB / 47.72MB 1893.7s
#12 ...

#10 [pssim 1/2] FROM docker.io/library/golang:1.23-alpine@sha256:383395b794dffa5b53012a212365d40c8e37109a626ca30d6151c8348d380b5f
#10 sha256:d5791340ef181f05ef1e99760e4be81cb2008d99b2bc1e56b2faa9b6295d0ac3 31.46MB / 74.07MB 1896.7s
#10 sha256:d5791340ef181f05ef1e99760e4be81cb2008d99b2bc1e56b2faa9b6295d0ac3 31.46MB / 74.07MB 1901.8s
#10 ...

#12 [srh 1/1] FROM docker.io/hiett/serverless-redis-http:latest@sha256:5b0bb9239fce53abf87b2018a7a0deb9ec7bd900c5360738fe5fbeeb426f9150
#12 sha256:be11eda08a582763e8617b5a7e456ea053a3d47554713405ee8c653f41160c44 22.02MB / 47.72MB 1903.6s
#12 ...

#10 [pssim 1/2] FROM docker.io/library/golang:1.23-alpine@sha256:383395b794dffa5b53012a212365d40c8e37109a626ca30d6151c8348d380b5f
#10 sha256:d5791340ef181f05ef1e99760e4be81cb2008d99b2bc1e56b2faa9b6295d0ac3 31.46MB / 74.07MB 1906.8s
#10 sha256:d5791340ef181f05ef1e99760e4be81cb2008d99b2bc1e56b2faa9b6295d0ac3 31.46MB / 74.07MB 1911.9s
#10 ...

#12 [srh 1/1] FROM docker.io/hiett/serverless-redis-http:latest@sha256:5b0bb9239fce53abf87b2018a7a0deb9ec7bd900c5360738fe5fbeeb426f9150
#12 sha256:be11eda08a582763e8617b5a7e456ea053a3d47554713405ee8c653f41160c44 22.02MB / 47.72MB 1913.5s
#12 ...

#10 [pssim 1/2] FROM docker.io/library/golang:1.23-alpine@sha256:383395b794dffa5b53012a212365d40c8e37109a626ca30d6151c8348d380b5f
#10 sha256:d5791340ef181f05ef1e99760e4be81cb2008d99b2bc1e56b2faa9b6295d0ac3 31.46MB / 74.07MB 1918.7s
#10 ...

#12 [srh 1/1] FROM docker.io/hiett/serverless-redis-http:latest@sha256:5b0bb9239fce53abf87b2018a7a0deb9ec7bd900c5360738fe5fbeeb426f9150
#12 sha256:be11eda08a582763e8617b5a7e456ea053a3d47554713405ee8c653f41160c44 22.02MB / 47.72MB 1918.7s
#12 ...

#10 [pssim 1/2] FROM docker.io/library/golang:1.23-alpine@sha256:383395b794dffa5b53012a212365d40c8e37109a626ca30d6151c8348d380b5f
#10 sha256:d5791340ef181f05ef1e99760e4be81cb2008d99b2bc1e56b2faa9b6295d0ac3 31.46MB / 74.07MB 1924.0s
#10 ...

#11 [stage-3  2/11] RUN apk add --no-cache mariadb mariadb-client redis       libstdc++ libgcc ncurses-libs openssl
#11 1916.2 ERROR: mariadb-11.4.12-r0: failed to extract usr/bin/my_print_defaults: I/O error
#11 1916.2 ERROR: mariadb-11.4.12-r0: I/O error
#11 1916.6 (22/28) Installing mariadb-client (11.4.12-r0)
#11 1921.6 ERROR: mariadb-client-11.4.12-r0: DNS: transient error (try again later)
#11 1921.6 (23/28) Installing libformw (6.5_p20251123-r0)
#11 ...

#10 [pssim 1/2] FROM docker.io/library/golang:1.23-alpine@sha256:383395b794dffa5b53012a212365d40c8e37109a626ca30d6151c8348d380b5f
#10 ...

#13 [builder  2/11] RUN apk add --no-cache libc6-compat openssl git python3 make g++
#13 1916.5 ERROR: gcc-15.2.0-r2: failed to extract usr/libexec/gcc/x86_64-alpine-linux-musl/15.2.0/cc1: I/O error
#13 1916.5 ERROR: gcc-15.2.0-r2: I/O error
#13 1916.6 (14/45) Installing musl-dev (1.2.5-r23)
#13 1921.6 ERROR: musl-dev-1.2.5-r23: DNS: transient error (try again later)
#13 1921.6 (15/45) Installing g++ (15.2.0-r2)
#13 ...

#12 [srh 1/1] FROM docker.io/hiett/serverless-redis-http:latest@sha256:5b0bb9239fce53abf87b2018a7a0deb9ec7bd900c5360738fe5fbeeb426f9150
#12 sha256:be11eda08a582763e8617b5a7e456ea053a3d47554713405ee8c653f41160c44 22.02MB / 47.72MB 1925.5s
#12 sha256:be11eda08a582763e8617b5a7e456ea053a3d47554713405ee8c653f41160c44 22.02MB / 47.72MB 1930.8s
#12 ...

#10 [pssim 1/2] FROM docker.io/library/golang:1.23-alpine@sha256:383395b794dffa5b53012a212365d40c8e37109a626ca30d6151c8348d380b5f
#10 sha256:d5791340ef181f05ef1e99760e4be81cb2008d99b2bc1e56b2faa9b6295d0ac3 31.46MB / 74.07MB 1935.4s
#10 ...

#13 [builder  2/11] RUN apk add --no-cache libc6-compat openssl git python3 make g++
#13 1926.6 (16/45) Installing brotli-libs (1.2.0-r0)
#13 1926.6 ERROR: g++-15.2.0-r2: DNS: transient error (try again later)
#13 1931.6 ERROR: brotli-libs-1.2.0-r0: DNS: transient error (try again later)
#13 1931.6 (17/45) Installing c-ares (1.34.8-r0)
#13 ...

#11 [stage-3  2/11] RUN apk add --no-cache mariadb mariadb-client redis       libstdc++ libgcc ncurses-libs openssl
#11 1926.6 ERROR: libformw-6.5_p20251123-r0: DNS: transient error (try again later)
#11 1926.6 (24/28) Installing libmenuw (6.5_p20251123-r0)
#11 1931.6 (25/28) Installing libpanelw (6.5_p20251123-r0)
#11 1931.6 ERROR: libmenuw-6.5_p20251123-r0: DNS: transient error (try again later)
#11 1936.6 ERROR: libpanelw-6.5_p20251123-r0: DNS: transient error (try again later)
#11 1936.6 (26/28) Installing ncurses-libs (6.5_p20251123-r0)
#11 ...

#12 [srh 1/1] FROM docker.io/hiett/serverless-redis-http:latest@sha256:5b0bb9239fce53abf87b2018a7a0deb9ec7bd900c5360738fe5fbeeb426f9150
#12 sha256:be11eda08a582763e8617b5a7e456ea053a3d47554713405ee8c653f41160c44 22.02MB / 47.72MB 1936.0s
#12 sha256:be11eda08a582763e8617b5a7e456ea053a3d47554713405ee8c653f41160c44 22.02MB / 47.72MB 1941.9s
#12 ...

#10 [pssim 1/2] FROM docker.io/library/golang:1.23-alpine@sha256:383395b794dffa5b53012a212365d40c8e37109a626ca30d6151c8348d380b5f
#10 sha256:d5791340ef181f05ef1e99760e4be81cb2008d99b2bc1e56b2faa9b6295d0ac3 31.46MB / 74.07MB 1943.4s
#10 ...

#12 [srh 1/1] FROM docker.io/hiett/serverless-redis-http:latest@sha256:5b0bb9239fce53abf87b2018a7a0deb9ec7bd900c5360738fe5fbeeb426f9150
#12 ...

#11 [stage-3  2/11] RUN apk add --no-cache mariadb mariadb-client redis       libstdc++ libgcc ncurses-libs openssl
#11 1936.6 (27/28) Installing openssl (3.5.7-r0)
#11 1941.6 ERROR: openssl-3.5.7-r0: DNS: transient error (try again later)
#11 1941.6 (28/28) Installing redis (8.4.2-r0)
#11 ...

#13 [builder  2/11] RUN apk add --no-cache libc6-compat openssl git python3 make g++
#13 1936.6 ERROR: c-ares-1.34.8-r0: DNS: transient error (try again later)
#13 1936.7 (18/45) Installing libunistring (1.4.1-r0)
#13 1941.7 ERROR: libunistring-1.4.1-r0: DNS: transient error (try again later)
#13 1941.7 (19/45) Installing libidn2 (2.3.8-r0)
#13 ...

#12 [srh 1/1] FROM docker.io/hiett/serverless-redis-http:latest@sha256:5b0bb9239fce53abf87b2018a7a0deb9ec7bd900c5360738fe5fbeeb426f9150
#12 CANCELED

#11 [stage-3  2/11] RUN apk add --no-cache mariadb mariadb-client redis       libstdc++ libgcc ncurses-libs openssl
#11 1946.6 ERROR: redis-8.4.2-r0: DNS: transient error (try again later)
#11 1946.7 Executing busybox-1.37.0-r30.trigger
#11 1946.7 8 errors; 21.1 MiB in 37 packages
#11 ERROR: process "/bin/sh -c apk add --no-cache mariadb mariadb-client redis       libstdc++ libgcc ncurses-libs openssl" did not complete successfully: exit code: 8

#10 [pssim 1/2] FROM docker.io/library/golang:1.23-alpine@sha256:383395b794dffa5b53012a212365d40c8e37109a626ca30d6151c8348d380b5f
#10 CANCELED

#13 [builder  2/11] RUN apk add --no-cache libc6-compat openssl git python3 make g++
#13 1946.7 (20/45) Installing nghttp2-libs (1.69.0-r0)
#13 1946.7 ERROR: libidn2-2.3.8-r0: DNS: transient error (try again later)
#13 CANCELED
------
 > [stage-3  2/11] RUN apk add --no-cache mariadb mariadb-client redis       libstdc++ libgcc ncurses-libs openssl:
1931.6 (25/28) Installing libpanelw (6.5_p20251123-r0)
1931.6 ERROR: libmenuw-6.5_p20251123-r0: DNS: transient error (try again later)
1936.6 ERROR: libpanelw-6.5_p20251123-r0: DNS: transient error (try again later)
1936.6 (26/28) Installing ncurses-libs (6.5_p20251123-r0)
1936.6 (27/28) Installing openssl (3.5.7-r0)
1941.6 ERROR: openssl-3.5.7-r0: DNS: transient error (try again later)
1941.6 (28/28) Installing redis (8.4.2-r0)
1946.6 ERROR: redis-8.4.2-r0: DNS: transient error (try again later)
1946.7 Executing busybox-1.37.0-r30.trigger
1946.7 8 errors; 21.1 MiB in 37 packages
------

 1 warning found (use docker --debug to expand):
 - SecretsUsedInArgOrEnv: Do not use ARG or ENV instructions for sensitive data (ENV "NEXTAUTH_SECRET") (line 28)
Dockerfile:45
--------------------
  44 |     FROM node:20-alpine
  45 | >>> RUN apk add --no-cache mariadb mariadb-client redis \
  46 | >>>       libstdc++ libgcc ncurses-libs openssl
  47 |     
--------------------
ERROR: failed to build: failed to solve: process "/bin/sh -c apk add --no-cache mariadb mariadb-client redis       libstdc++ libgcc ncurses-libs openssl" did not complete successfully: exit code: 8

View build details: docker-desktop://dashboard/build/desktop-linux/desktop-linux/p6g8brbgkiuhbzbx807fwgq9k
